VersionVersionName,SalesDomainSoldTo,ItemPlanningItem,SalesDomainCustomerLevel7,TimeWeek,AITempH,AISellOut1,TimePlanningYearKey,TimePlanningYear,TimePlanningQuarterKey,TimePlanningQuarter,TimePlanningMonthKey,TimePlanningMonth,TimeWeekKey,SalesDomainCustomerLevel3,SalesDomainCustomerLevel4,SalesDomainCustomerLevel5,SalesDomainCustomerLevel6,ItemCategory,FirstSoldDate,cluster,month,quarter,week_of_year,year
CurrentWorkingView,1084344,12228324,Walmart 7014,10-Dec-18,35.51,0,25-12-2017,2018,24-09-2018,Q4-18,26-11-2018,M12-18,10-12-2018,1108272,1108349,5339207,1098727,Shoes,02-01-2019,68,12,4,50,2018
CurrentWorkingView,1087166,12228324,Walmart 6073,10-Dec-18,35.51,0,25-12-2017,2018,24-09-2018,Q4-18,26-11-2018,M12-18,10-12-2018,1108272,1108349,5339207,1098727,Shoes,02-01-2019,52,12,4,50,2018
CurrentWorkingView,1090231,12228324,Walmart 6047,10-Dec-18,35.51,0,25-12-2017,2018,24-09-2018,Q4-18,26-11-2018,M12-18,10-12-2018,1108272,1108349,5339207,1098727,Shoes,02-01-2019,154,12,4,50,2018
CurrentWorkingView,1094734,12228324,Walmart 6095,10-Dec-18,35.51,0,25-12-2017,2018,24-09-2018,Q4-18,26-11-2018,M12-18,10-12-2018,1108272,1108349,5339207,1098727,Shoes,02-01-2019,52,12,4,50,2018
CurrentWorkingView,1095155,12228324,Walmart 6055,10-Dec-18,35.51,0,25-12-2017,2018,24-09-2018,Q4-18,26-11-2018,M12-18,10-12-2018,1108272,1108349,5339207,1098727,Shoes,02-01-2019,151,12,4,50,2018
CurrentWorkingView,1097271,12228324,Walmart 6096,10-Dec-18,35.51,0,25-12-2017,2018,24-09-2018,Q4-18,26-11-2018,M12-18,10-12-2018,1108272,1108349,5339207,1098727,Shoes,02-01-2019,93,12,4,50,2018
CurrentWorkingView,1097317,12228324,Walmart 6042,10-Dec-18,35.51,0.42,25-12-2017,2018,24-09-2018,Q4-18,26-11-2018,M12-18,10-12-2018,1108272,1108349,5339207,1098727,Shoes,02-01-2019,65,12,4,50,2018
CurrentWorkingView,1084344,12448324,Walmart 7014,10-Dec-18,35.51,0,25-12-2017,2018,24-09-2018,Q4-18,26-11-2018,M12-18,10-12-2018,1108272,1108349,5339207,1098727,Dogs,02-01-2019,,12,4,50,2018
CurrentWorkingView,1087868,12228324,Walmart 6072,10-Dec-18,35.51,0,25-12-2017,2018,24-09-2018,Q4-18,26-11-2018,M12-18,10-12-2018,1108272,1108349,5339207,1098727,Shoes,02-01-2019,65,12,4,50,2018
CurrentWorkingView,1089657,12228324,Walmart 6082,10-Dec-18,35.51,0,25-12-2017,2018,24-09-2018,Q4-18,26-11-2018,M12-18,10-12-2018,1108272,1108349,5339207,1098727,Shoes,02-01-2019,80,12,4,50,2018
CurrentWorkingView,1098162,12228324,Walmart 7012,10-Dec-18,35.51,0,25-12-2017,2018,24-09-2018,Q4-18,26-11-2018,M12-18,10-12-2018,1108272,1108349,5339207,1098727,Shoes,02-01-2019,52,12,4,50,2018
CurrentWorkingView,1101540,12228324,Walmart 7010,10-Dec-18,35.51,0,25-12-2017,2018,24-09-2018,Q4-18,26-11-2018,M12-18,10-12-2018,1108272,1108349,5339207,1098727,Shoes,02-01-2019,80,12,4,50,2018
CurrentWorkingView,1316773,12228324,Walmart 7030,10-Dec-18,35.51,0,25-12-2017,2018,24-09-2018,Q4-18,26-11-2018,M12-18,10-12-2018,1108272,1108349,5339207,1098727,Shoes,02-01-2019,68,12,4,50,2018
CurrentWorkingView,1795638,12228324,Walmart 7077,10-Dec-18,35.51,0,25-12-2017,2018,24-09-2018,Q4-18,26-11-2018,M12-18,10-12-2018,1108272,1108349,5339207,1098727,Shoes,02-01-2019,68,12,4,50,2018
CurrentWorkingView,1089914,12228324,Walmart 6097,10-Dec-18,35.51,0,25-12-2017,2018,24-09-2018,Q4-18,26-11-2018,M12-18,10-12-2018,1108272,1108349,5339207,1098727,Shoes,02-01-2019,154,12,4,50,2018
CurrentWorkingView,1105027,12228324,Walmart 7021,10-Dec-18,35.51,4.33,25-12-2017,2018,24-09-2018,Q4-18,26-11-2018,M12-18,10-12-2018,1108272,1108349,5339207,1098727,Shoes,02-01-2019,36,12,4,50,2018
CurrentWorkingView,1105028,12228324,Walmart 7019,10-Dec-18,35.51,0,25-12-2017,2018,24-09-2018,Q4-18,26-11-2018,M12-18,10-12-2018,1108272,1108349,5339207,1098727,Shoes,02-01-2019,80,12,4,50,2018
CurrentWorkingView,1779141,12228324,Walmart 7055,10-Dec-18,35.51,0,25-12-2017,2018,24-09-2018,Q4-18,26-11-2018,M12-18,10-12-2018,1108272,1108349,5339207,1098727,Shoes,02-01-2019,154,12,4,50,2018
CurrentWorkingView,3637005,12228324,Walmart 7084,10-Dec-18,35.51,0.5,25-12-2017,2018,24-09-2018,Q4-18,26-11-2018,M12-18,10-12-2018,1108272,1108349,5339207,1098727,Shoes,02-01-2019,54,12,4,50,2018
CurrentWorkingView,1084344,12328324,Walmart 7014,10-Dec-18,35.51,0,25-12-2017,2018,24-09-2018,Q4-18,26-11-2018,M12-18,10-12-2018,1108272,1108349,5339207,1098727,Kites,02-01-2019,,12,4,50,2018
CurrentWorkingView,1084287,12228324,Walmart 7015,10-Dec-18,35.51,0,25-12-2017,2018,24-09-2018,Q4-18,26-11-2018,M12-18,10-12-2018,1108272,1108349,5339207,1098727,Shoes,02-01-2019,154,12,4,50,2018
CurrentWorkingView,1094820,12228324,Walmart 6085,10-Dec-18,35.51,0,25-12-2017,2018,24-09-2018,Q4-18,26-11-2018,M12-18,10-12-2018,1108272,1108349,5339207,1098727,Shoes,02-01-2019,154,12,4,50,2018
CurrentWorkingView,1097924,12228324,Walmart 6099,10-Dec-18,35.51,0,25-12-2017,2018,24-09-2018,Q4-18,26-11-2018,M12-18,10-12-2018,1108272,1108349,5339207,1098727,Shoes,02-01-2019,52,12,4,50,2018
CurrentWorkingView,1098164,12228324,Walmart 6077,10-Dec-18,35.51,0,25-12-2017,2018,24-09-2018,Q4-18,26-11-2018,M12-18,10-12-2018,1108272,1108349,5339207,1098727,Shoes,02-01-2019,154,12,4,50,2018
CurrentWorkingView,1090022,12228324,Walmart 6083,10-Dec-18,35.51,0,25-12-2017,2018,24-09-2018,Q4-18,26-11-2018,M12-18,10-12-2018,1108272,1108349,5339207,1098727,Shoes,02-01-2019,80,12,4,50,2018
CurrentWorkingView,1098163,12228324,Walmart 6091,10-Dec-18,35.51,0,25-12-2017,2018,24-09-2018,Q4-18,26-11-2018,M12-18,10-12-2018,1108272,1108349,5339207,1098727,Shoes,02-01-2019,197,12,4,50,2018
CurrentWorkingView,1097358,12228324,Walmart 6074,10-Dec-18,35.51,0,25-12-2017,2018,24-09-2018,Q4-18,26-11-2018,M12-18,10-12-2018,1108272,1108349,5339207,1098727,Shoes,02-01-2019,71,12,4,50,2018
CurrentWorkingView,1101635,12228324,Walmart 7017,10-Dec-18,35.51,0,25-12-2017,2018,24-09-2018,Q4-18,26-11-2018,M12-18,10-12-2018,1108272,1108349,5339207,1098727,Shoes,02-01-2019,135,12,4,50,2018
CurrentWorkingView,1097133,12228324,Walmart 6057,10-Dec-18,35.51,0,25-12-2017,2018,24-09-2018,Q4-18,26-11-2018,M12-18,10-12-2018,1108272,1108349,5339207,1098727,Shoes,02-01-2019,65,12,4,50,2018
CurrentWorkingView,1097250,12228324,Walmart 6065,10-Dec-18,35.51,0,25-12-2017,2018,24-09-2018,Q4-18,26-11-2018,M12-18,10-12-2018,1108272,1108349,5339207,1098727,Shoes,02-01-2019,151,12,4,50,2018
CurrentWorkingView,1101634,12228324,Walmart 7016,10-Dec-18,35.51,0,25-12-2017,2018,24-09-2018,Q4-18,26-11-2018,M12-18,10-12-2018,1108272,1108349,5339207,1098727,Shoes,02-01-2019,80,12,4,50,2018
CurrentWorkingView,1101636,12228324,Walmart 7013,10-Dec-18,35.51,0,25-12-2017,2018,24-09-2018,Q4-18,26-11-2018,M12-18,10-12-2018,1108272,1108349,5339207,1098727,Shoes,02-01-2019,187,12,4,50,2018
CurrentWorkingView,1087563,12228324,Walmart 6071,10-Dec-18,35.51,0,25-12-2017,2018,24-09-2018,Q4-18,26-11-2018,M12-18,10-12-2018,1108272,1108349,5339207,1098727,Shoes,02-01-2019,124,12,4,50,2018
CurrentWorkingView,1092711,12228324,Walmart 6084,10-Dec-18,35.51,0,25-12-2017,2018,24-09-2018,Q4-18,26-11-2018,M12-18,10-12-2018,1108272,1108349,5339207,1098727,Shoes,02-01-2019,68,12,4,50,2018
CurrentWorkingView,1306833,12228324,Walmart 7048,10-Dec-18,35.51,0,25-12-2017,2018,24-09-2018,Q4-18,26-11-2018,M12-18,10-12-2018,1108272,1108349,5339207,1098727,Shoes,02-01-2019,19,12,4,50,2018
CurrentWorkingView,1086788,12228324,Walmart 7024,10-Dec-18,35.51,0,25-12-2017,2018,24-09-2018,Q4-18,26-11-2018,M12-18,10-12-2018,1108272,1108349,5339207,1098727,Shoes,02-01-2018,68,12,4,50,2018
CurrentWorkingView,5168808,12228324,Walmart 6858,10-Dec-18,35.51,0,25-12-2017,2018,24-09-2018,Q4-18,26-11-2018,M12-18,10-12-2018,1108272,1108349,5339207,1098727,Shoes,02-01-2018,68,12,4,50,2018
CurrentWorkingView,1094777,12228324,Walmart 6090,10-Dec-18,35.51,0.17,25-12-2017,2018,24-09-2018,Q4-18,26-11-2018,M12-18,10-12-2018,1108272,1108349,5339207,1098727,Shoes,02-01-2018,68,12,4,50,2018
CurrentWorkingView,1084287,12228324,Walmart 7015,21-Jan-19,32.56,0,31-12-2018,2019,31-12-2018,Q1-19,31-12-2018,M01-19,21-01-2019,1108272,1108349,5339207,1098727,Shoes,02-01-2019,154,1,1,4,2019
CurrentWorkingView,1087563,12228324,Walmart 6071,21-Jan-19,32.56,0,31-12-2018,2019,31-12-2018,Q1-19,31-12-2018,M01-19,21-01-2019,1108272,1108349,5339207,1098727,Shoes,02-01-2019,124,1,1,4,2019
CurrentWorkingView,1089657,12228324,Walmart 6082,21-Jan-19,32.56,0,31-12-2018,2019,31-12-2018,Q1-19,31-12-2018,M01-19,21-01-2019,1108272,1108349,5339207,1098727,Shoes,02-01-2019,80,1,1,4,2019
CurrentWorkingView,1097317,12228324,Walmart 6042,21-Jan-19,32.56,0,31-12-2018,2019,31-12-2018,Q1-19,31-12-2018,M01-19,21-01-2019,1108272,1108349,5339207,1098727,Shoes,02-01-2019,65,1,1,4,2019
CurrentWorkingView,1101540,12228324,Walmart 7010,21-Jan-19,32.56,0,31-12-2018,2019,31-12-2018,Q1-19,31-12-2018,M01-19,21-01-2019,1108272,1108349,5339207,1098727,Shoes,02-01-2019,80,1,1,4,2019
CurrentWorkingView,1105028,12228324,Walmart 7019,21-Jan-19,32.56,0,31-12-2018,2019,31-12-2018,Q1-19,31-12-2018,M01-19,21-01-2019,1108272,1108349,5339207,1098727,Shoes,02-01-2019,80,1,1,4,2019
CurrentWorkingView,3637005,12228324,Walmart 7084,21-Jan-19,32.56,0,31-12-2018,2019,31-12-2018,Q1-19,31-12-2018,M01-19,21-01-2019,1108272,1108349,5339207,1098727,Shoes,02-01-2019,54,1,1,4,2019
CurrentWorkingView,1086788,12228324,Walmart 7024,21-Jan-19,32.56,0,31-12-2018,2019,31-12-2018,Q1-19,31-12-2018,M01-19,21-01-2019,1108272,1108349,5339207,1098727,Shoes,02-01-2018,68,1,1,4,2019
CurrentWorkingView,1087868,12228324,Walmart 6072,21-Jan-19,32.56,0,31-12-2018,2019,31-12-2018,Q1-19,31-12-2018,M01-19,21-01-2019,1108272,1108349,5339207,1098727,Shoes,02-01-2019,65,1,1,4,2019
CurrentWorkingView,1092711,12228324,Walmart 6084,21-Jan-19,32.56,0,31-12-2018,2019,31-12-2018,Q1-19,31-12-2018,M01-19,21-01-2019,1108272,1108349,5339207,1098727,Shoes,02-01-2019,68,1,1,4,2019
CurrentWorkingView,1094777,12228324,Walmart 6090,21-Jan-19,32.56,0,31-12-2018,2019,31-12-2018,Q1-19,31-12-2018,M01-19,21-01-2019,1108272,1108349,5339207,1098727,Shoes,02-01-2018,68,1,1,4,2019
CurrentWorkingView,1094820,12228324,Walmart 6085,21-Jan-19,32.56,0,31-12-2018,2019,31-12-2018,Q1-19,31-12-2018,M01-19,21-01-2019,1108272,1108349,5339207,1098727,Shoes,02-01-2019,154,1,1,4,2019
CurrentWorkingView,1097250,12228324,Walmart 6065,21-Jan-19,32.56,0,31-12-2018,2019,31-12-2018,Q1-19,31-12-2018,M01-19,21-01-2019,1108272,1108349,5339207,1098727,Shoes,02-01-2019,151,1,1,4,2019
CurrentWorkingView,1316773,12228324,Walmart 7030,21-Jan-19,32.56,0,31-12-2018,2019,31-12-2018,Q1-19,31-12-2018,M01-19,21-01-2019,1108272,1108349,5339207,1098727,Shoes,02-01-2019,68,1,1,4,2019
CurrentWorkingView,1097924,12228324,Walmart 6099,21-Jan-19,32.56,0,31-12-2018,2019,31-12-2018,Q1-19,31-12-2018,M01-19,21-01-2019,1108272,1108349,5339207,1098727,Shoes,02-01-2019,52,1,1,4,2019
CurrentWorkingView,1098162,12228324,Walmart 7012,21-Jan-19,32.56,0,31-12-2018,2019,31-12-2018,Q1-19,31-12-2018,M01-19,21-01-2019,1108272,1108349,5339207,1098727,Shoes,02-01-2019,52,1,1,4,2019
CurrentWorkingView,1098164,12228324,Walmart 6077,21-Jan-19,32.56,0,31-12-2018,2019,31-12-2018,Q1-19,31-12-2018,M01-19,21-01-2019,1108272,1108349,5339207,1098727,Shoes,02-01-2019,154,1,1,4,2019
CurrentWorkingView,1306833,12228324,Walmart 7048,21-Jan-19,32.56,0,31-12-2018,2019,31-12-2018,Q1-19,31-12-2018,M01-19,21-01-2019,1108272,1108349,5339207,1098727,Shoes,02-01-2019,19,1,1,4,2019
CurrentWorkingView,1089914,12228324,Walmart 6097,21-Jan-19,32.56,0,31-12-2018,2019,31-12-2018,Q1-19,31-12-2018,M01-19,21-01-2019,1108272,1108349,5339207,1098727,Shoes,02-01-2019,154,1,1,4,2019
CurrentWorkingView,1101634,12228324,Walmart 7016,21-Jan-19,32.56,0,31-12-2018,2019,31-12-2018,Q1-19,31-12-2018,M01-19,21-01-2019,1108272,1108349,5339207,1098727,Shoes,02-01-2019,80,1,1,4,2019
CurrentWorkingView,1105027,12228324,Walmart 7021,21-Jan-19,32.56,0,31-12-2018,2019,31-12-2018,Q1-19,31-12-2018,M01-19,21-01-2019,1108272,1108349,5339207,1098727,Shoes,02-01-2019,36,1,1,4,2019
CurrentWorkingView,1087166,12228324,Walmart 6073,21-Jan-19,32.56,0,31-12-2018,2019,31-12-2018,Q1-19,31-12-2018,M01-19,21-01-2019,1108272,1108349,5339207,1098727,Shoes,02-01-2019,52,1,1,4,2019
CurrentWorkingView,1097133,12228324,Walmart 6057,21-Jan-19,32.56,0,31-12-2018,2019,31-12-2018,Q1-19,31-12-2018,M01-19,21-01-2019,1108272,1108349,5339207,1098727,Shoes,02-01-2019,65,1,1,4,2019
CurrentWorkingView,1097358,12228324,Walmart 6074,21-Jan-19,32.56,0,31-12-2018,2019,31-12-2018,Q1-19,31-12-2018,M01-19,21-01-2019,1108272,1108349,5339207,1098727,Shoes,02-01-2019,71,1,1,4,2019
CurrentWorkingView,1101635,12228324,Walmart 7017,21-Jan-19,32.56,0,31-12-2018,2019,31-12-2018,Q1-19,31-12-2018,M01-19,21-01-2019,1108272,1108349,5339207,1098727,Shoes,02-01-2019,135,1,1,4,2019
CurrentWorkingView,1779141,12228324,Walmart 7055,21-Jan-19,32.56,0,31-12-2018,2019,31-12-2018,Q1-19,31-12-2018,M01-19,21-01-2019,1108272,1108349,5339207,1098727,Shoes,02-01-2019,154,1,1,4,2019
CurrentWorkingView,1795638,12228324,Walmart 7077,21-Jan-19,32.56,0,31-12-2018,2019,31-12-2018,Q1-19,31-12-2018,M01-19,21-01-2019,1108272,1108349,5339207,1098727,Shoes,02-01-2019,68,1,1,4,2019
CurrentWorkingView,1084344,12228324,Walmart 7014,21-Jan-19,32.56,0,31-12-2018,2019,31-12-2018,Q1-19,31-12-2018,M01-19,21-01-2019,1108272,1108349,5339207,1098727,Shoes,02-01-2019,68,1,1,4,2019
CurrentWorkingView,1094734,12228324,Walmart 6095,21-Jan-19,32.56,0,31-12-2018,2019,31-12-2018,Q1-19,31-12-2018,M01-19,21-01-2019,1108272,1108349,5339207,1098727,Shoes,02-01-2019,52,1,1,4,2019
CurrentWorkingView,1097271,12228324,Walmart 6096,21-Jan-19,32.56,0,31-12-2018,2019,31-12-2018,Q1-19,31-12-2018,M01-19,21-01-2019,1108272,1108349,5339207,1098727,Shoes,02-01-2019,93,1,1,4,2019
CurrentWorkingView,5168808,12228324,Walmart 6858,21-Jan-19,32.56,0,31-12-2018,2019,31-12-2018,Q1-19,31-12-2018,M01-19,21-01-2019,1108272,1108349,5339207,1098727,Shoes,02-01-2018,68,1,1,4,2019
CurrentWorkingView,1090022,12228324,Walmart 6083,21-Jan-19,32.56,0,31-12-2018,2019,31-12-2018,Q1-19,31-12-2018,M01-19,21-01-2019,1108272,1108349,5339207,1098727,Shoes,02-01-2019,80,1,1,4,2019
CurrentWorkingView,1090231,12228324,Walmart 6047,21-Jan-19,32.56,0,31-12-2018,2019,31-12-2018,Q1-19,31-12-2018,M01-19,21-01-2019,1108272,1108349,5339207,1098727,Shoes,02-01-2019,154,1,1,4,2019
CurrentWorkingView,1095155,12228324,Walmart 6055,21-Jan-19,32.56,0,31-12-2018,2019,31-12-2018,Q1-19,31-12-2018,M01-19,21-01-2019,1108272,1108349,5339207,1098727,Shoes,02-01-2019,151,1,1,4,2019
CurrentWorkingView,1098163,12228324,Walmart 6091,21-Jan-19,32.56,0,31-12-2018,2019,31-12-2018,Q1-19,31-12-2018,M01-19,21-01-2019,1108272,1108349,5339207,1098727,Shoes,02-01-2019,197,1,1,4,2019
CurrentWorkingView,1101636,12228324,Walmart 7013,21-Jan-19,32.56,0,31-12-2018,2019,31-12-2018,Q1-19,31-12-2018,M01-19,21-01-2019,1108272,1108349,5339207,1098727,Shoes,02-01-2019,187,1,1,4,2019
CurrentWorkingView,1089657,12228324,Walmart 6082,28-Jan-19,32.251427,0,31-12-2018,2019,31-12-2018,Q1-19,28-01-2019,M02-19,28-01-2019,1108272,1108349,5339207,1098727,Shoes,02-01-2019,80,1,1,5,2019
CurrentWorkingView,1097317,12228324,Walmart 6042,28-Jan-19,32.251427,0,31-12-2018,2019,31-12-2018,Q1-19,28-01-2019,M02-19,28-01-2019,1108272,1108349,5339207,1098727,Shoes,02-01-2019,65,1,1,5,2019
CurrentWorkingView,3637005,12228324,Walmart 7084,28-Jan-19,32.251427,0,31-12-2018,2019,31-12-2018,Q1-19,28-01-2019,M02-19,28-01-2019,1108272,1108349,5339207,1098727,Shoes,02-01-2019,54,1,1,5,2019
CurrentWorkingView,1092711,12228324,Walmart 6084,28-Jan-19,32.251427,0,31-12-2018,2019,31-12-2018,Q1-19,28-01-2019,M02-19,28-01-2019,1108272,1108349,5339207,1098727,Shoes,02-01-2019,68,1,1,5,2019
CurrentWorkingView,1094777,12228324,Walmart 6090,28-Jan-19,32.251427,0,31-12-2018,2019,31-12-2018,Q1-19,28-01-2019,M02-19,28-01-2019,1108272,1108349,5339207,1098727,Shoes,02-01-2018,68,1,1,5,2019
CurrentWorkingView,1101635,12228324,Walmart 7017,28-Jan-19,32.251427,0,31-12-2018,2019,31-12-2018,Q1-19,28-01-2019,M02-19,28-01-2019,1108272,1108349,5339207,1098727,Shoes,02-01-2019,135,1,1,5,2019
CurrentWorkingView,1795638,12228324,Walmart 7077,28-Jan-19,32.251427,0,31-12-2018,2019,31-12-2018,Q1-19,28-01-2019,M02-19,28-01-2019,1108272,1108349,5339207,1098727,Shoes,02-01-2019,68,1,1,5,2019
CurrentWorkingView,1097271,12228324,Walmart 6096,28-Jan-19,32.251427,0,31-12-2018,2019,31-12-2018,Q1-19,28-01-2019,M02-19,28-01-2019,1108272,1108349,5339207,1098727,Shoes,02-01-2019,93,1,1,5,2019
CurrentWorkingView,1089657,12228324,Walmart 6082,04-Feb-19,31.84,0,31-12-2018,2019,31-12-2018,Q1-19,28-01-2019,M02-19,04-02-2019,1108272,1108349,5339207,1098727,Shoes,02-01-2019,80,2,1,6,2019
CurrentWorkingView,1097317,12228324,Walmart 6042,04-Feb-19,31.84,0,31-12-2018,2019,31-12-2018,Q1-19,28-01-2019,M02-19,04-02-2019,1108272,1108349,5339207,1098727,Shoes,02-01-2019,65,2,1,6,2019
CurrentWorkingView,3637005,12228324,Walmart 7084,04-Feb-19,31.84,0,31-12-2018,2019,31-12-2018,Q1-19,28-01-2019,M02-19,04-02-2019,1108272,1108349,5339207,1098727,Shoes,02-01-2019,54,2,1,6,2019
CurrentWorkingView,1092711,12228324,Walmart 6084,04-Feb-19,31.84,0,31-12-2018,2019,31-12-2018,Q1-19,28-01-2019,M02-19,04-02-2019,1108272,1108349,5339207,1098727,Shoes,02-01-2019,68,2,1,6,2019
CurrentWorkingView,1094777,12228324,Walmart 6090,04-Feb-19,31.84,0,31-12-2018,2019,31-12-2018,Q1-19,28-01-2019,M02-19,04-02-2019,1108272,1108349,5339207,1098727,Shoes,02-01-2018,68,2,1,6,2019
CurrentWorkingView,1105027,12228324,Walmart 7021,04-Feb-19,31.84,0,31-12-2018,2019,31-12-2018,Q1-19,28-01-2019,M02-19,04-02-2019,1108272,1108349,5339207,1098727,Shoes,02-01-2019,36,2,1,6,2019
CurrentWorkingView,1101635,12228324,Walmart 7017,04-Feb-19,31.84,0,31-12-2018,2019,31-12-2018,Q1-19,28-01-2019,M02-19,04-02-2019,1108272,1108349,5339207,1098727,Shoes,02-01-2019,135,2,1,6,2019
CurrentWorkingView,1795638,12228324,Walmart 7077,04-Feb-19,31.84,0,31-12-2018,2019,31-12-2018,Q1-19,28-01-2019,M02-19,04-02-2019,1108272,1108349,5339207,1098727,Shoes,02-01-2019,68,2,1,6,2019
CurrentWorkingView,1097271,12228324,Walmart 6096,04-Feb-19,31.84,0,31-12-2018,2019,31-12-2018,Q1-19,28-01-2019,M02-19,04-02-2019,1108272,1108349,5339207,1098727,Shoes,02-01-2019,93,2,1,6,2019
CurrentWorkingView,1089657,12228324,Walmart 6082,11-Feb-19,31.84,0,31-12-2018,2019,31-12-2018,Q1-19,28-01-2019,M02-19,11-02-2019,1108272,1108349,5339207,1098727,Shoes,02-01-2019,80,2,1,7,2019
CurrentWorkingView,1097317,12228324,Walmart 6042,11-Feb-19,31.84,0,31-12-2018,2019,31-12-2018,Q1-19,28-01-2019,M02-19,11-02-2019,1108272,1108349,5339207,1098727,Shoes,02-01-2019,65,2,1,7,2019
CurrentWorkingView,3637005,12228324,Walmart 7084,11-Feb-19,31.84,0,31-12-2018,2019,31-12-2018,Q1-19,28-01-2019,M02-19,11-02-2019,1108272,1108349,5339207,1098727,Shoes,02-01-2019,54,2,1,7,2019
CurrentWorkingView,1092711,12228324,Walmart 6084,11-Feb-19,31.84,0,31-12-2018,2019,31-12-2018,Q1-19,28-01-2019,M02-19,11-02-2019,1108272,1108349,5339207,1098727,Shoes,02-01-2019,68,2,1,7,2019
CurrentWorkingView,1094777,12228324,Walmart 6090,11-Feb-19,31.84,0,31-12-2018,2019,31-12-2018,Q1-19,28-01-2019,M02-19,11-02-2019,1108272,1108349,5339207,1098727,Shoes,02-01-2018,68,2,1,7,2019
CurrentWorkingView,1105027,12228324,Walmart 7021,11-Feb-19,31.84,0,31-12-2018,2019,31-12-2018,Q1-19,28-01-2019,M02-19,11-02-2019,1108272,1108349,5339207,1098727,Shoes,02-01-2019,36,2,1,7,2019
CurrentWorkingView,1101635,12228324,Walmart 7017,11-Feb-19,31.84,0,31-12-2018,2019,31-12-2018,Q1-19,28-01-2019,M02-19,11-02-2019,1108272,1108349,5339207,1098727,Shoes,02-01-2019,135,2,1,7,2019
CurrentWorkingView,1795638,12228324,Walmart 7077,11-Feb-19,31.84,0,31-12-2018,2019,31-12-2018,Q1-19,28-01-2019,M02-19,11-02-2019,1108272,1108349,5339207,1098727,Shoes,02-01-2019,68,2,1,7,2019
CurrentWorkingView,1097271,12228324,Walmart 6096,11-Feb-19,31.84,0,31-12-2018,2019,31-12-2018,Q1-19,28-01-2019,M02-19,11-02-2019,1108272,1108349,5339207,1098727,Shoes,02-01-2019,93,2,1,7,2019
CurrentWorkingView,1089657,12228324,Walmart 6082,18-Feb-19,31.84,0,31-12-2018,2019,31-12-2018,Q1-19,28-01-2019,M02-19,18-02-2019,1108272,1108349,5339207,1098727,Shoes,02-01-2019,80,2,1,8,2019
CurrentWorkingView,1097317,12228324,Walmart 6042,18-Feb-19,31.84,0,31-12-2018,2019,31-12-2018,Q1-19,28-01-2019,M02-19,18-02-2019,1108272,1108349,5339207,1098727,Shoes,02-01-2019,65,2,1,8,2019
CurrentWorkingView,3637005,12228324,Walmart 7084,18-Feb-19,31.84,0,31-12-2018,2019,31-12-2018,Q1-19,28-01-2019,M02-19,18-02-2019,1108272,1108349,5339207,1098727,Shoes,02-01-2019,54,2,1,8,2019
CurrentWorkingView,1092711,12228324,Walmart 6084,18-Feb-19,31.84,0,31-12-2018,2019,31-12-2018,Q1-19,28-01-2019,M02-19,18-02-2019,1108272,1108349,5339207,1098727,Shoes,02-01-2019,68,2,1,8,2019
CurrentWorkingView,1094777,12228324,Walmart 6090,18-Feb-19,31.84,0,31-12-2018,2019,31-12-2018,Q1-19,28-01-2019,M02-19,18-02-2019,1108272,1108349,5339207,1098727,Shoes,02-01-2018,68,2,1,8,2019
CurrentWorkingView,1105027,12228324,Walmart 7021,18-Feb-19,31.84,0,31-12-2018,2019,31-12-2018,Q1-19,28-01-2019,M02-19,18-02-2019,1108272,1108349,5339207,1098727,Shoes,02-01-2019,36,2,1,8,2019
CurrentWorkingView,1101635,12228324,Walmart 7017,18-Feb-19,31.84,0,31-12-2018,2019,31-12-2018,Q1-19,28-01-2019,M02-19,18-02-2019,1108272,1108349,5339207,1098727,Shoes,02-01-2019,135,2,1,8,2019
CurrentWorkingView,1795638,12228324,Walmart 7077,18-Feb-19,31.84,0,31-12-2018,2019,31-12-2018,Q1-19,28-01-2019,M02-19,18-02-2019,1108272,1108349,5339207,1098727,Shoes,02-01-2019,68,2,1,8,2019
CurrentWorkingView,1097271,12228324,Walmart 6096,18-Feb-19,31.84,0,31-12-2018,2019,31-12-2018,Q1-19,28-01-2019,M02-19,18-02-2019,1108272,1108349,5339207,1098727,Shoes,02-01-2019,93,2,1,8,2019
CurrentWorkingView,1089657,12228324,Walmart 6082,25-Feb-19,35.465714,0,31-12-2018,2019,31-12-2018,Q1-19,25-02-2019,M03-19,25-02-2019,1108272,1108349,5339207,1098727,Shoes,02-01-2019,80,2,1,9,2019
CurrentWorkingView,1097317,12228324,Walmart 6042,25-Feb-19,35.465714,0,31-12-2018,2019,31-12-2018,Q1-19,25-02-2019,M03-19,25-02-2019,1108272,1108349,5339207,1098727,Shoes,02-01-2019,65,2,1,9,2019
CurrentWorkingView,3637005,12228324,Walmart 7084,25-Feb-19,35.465714,0,31-12-2018,2019,31-12-2018,Q1-19,25-02-2019,M03-19,25-02-2019,1108272,1108349,5339207,1098727,Shoes,02-01-2019,54,2,1,9,2019
CurrentWorkingView,1092711,12228324,Walmart 6084,25-Feb-19,35.465714,0,31-12-2018,2019,31-12-2018,Q1-19,25-02-2019,M03-19,25-02-2019,1108272,1108349,5339207,1098727,Shoes,02-01-2019,68,2,1,9,2019
CurrentWorkingView,1094777,12228324,Walmart 6090,25-Feb-19,35.465714,0,31-12-2018,2019,31-12-2018,Q1-19,25-02-2019,M03-19,25-02-2019,1108272,1108349,5339207,1098727,Shoes,02-01-2018,68,2,1,9,2019
CurrentWorkingView,1105027,12228324,Walmart 7021,25-Feb-19,35.465714,0,31-12-2018,2019,31-12-2018,Q1-19,25-02-2019,M03-19,25-02-2019,1108272,1108349,5339207,1098727,Shoes,02-01-2019,36,2,1,9,2019
CurrentWorkingView,1101635,12228324,Walmart 7017,25-Feb-19,35.465714,0,31-12-2018,2019,31-12-2018,Q1-19,25-02-2019,M03-19,25-02-2019,1108272,1108349,5339207,1098727,Shoes,02-01-2019,135,2,1,9,2019
CurrentWorkingView,1795638,12228324,Walmart 7077,25-Feb-19,35.465714,0,31-12-2018,2019,31-12-2018,Q1-19,25-02-2019,M03-19,25-02-2019,1108272,1108349,5339207,1098727,Shoes,02-01-2019,68,2,1,9,2019
CurrentWorkingView,1097271,12228324,Walmart 6096,25-Feb-19,35.465714,0,31-12-2018,2019,31-12-2018,Q1-19,25-02-2019,M03-19,25-02-2019,1108272,1108349,5339207,1098727,Shoes,02-01-2019,93,2,1,9,2019
CurrentWorkingView,1095155,12228324,Walmart 6055,25-Feb-19,35.465714,0,31-12-2018,2019,31-12-2018,Q1-19,25-02-2019,M03-19,25-02-2019,1108272,1108349,5339207,1098727,Shoes,02-01-2019,151,2,1,9,2019
CurrentWorkingView,1089657,12228324,Walmart 6082,04-Mar-19,40.3,0,31-12-2018,2019,31-12-2018,Q1-19,25-02-2019,M03-19,04-03-2019,1108272,1108349,5339207,1098727,Shoes,02-01-2019,80,3,1,10,2019
CurrentWorkingView,1097317,12228324,Walmart 6042,04-Mar-19,40.3,0,31-12-2018,2019,31-12-2018,Q1-19,25-02-2019,M03-19,04-03-2019,1108272,1108349,5339207,1098727,Shoes,02-01-2019,65,3,1,10,2019
CurrentWorkingView,3637005,12228324,Walmart 7084,04-Mar-19,40.3,0,31-12-2018,2019,31-12-2018,Q1-19,25-02-2019,M03-19,04-03-2019,1108272,1108349,5339207,1098727,Shoes,02-01-2019,54,3,1,10,2019
CurrentWorkingView,1092711,12228324,Walmart 6084,04-Mar-19,40.3,0,31-12-2018,2019,31-12-2018,Q1-19,25-02-2019,M03-19,04-03-2019,1108272,1108349,5339207,1098727,Shoes,02-01-2019,68,3,1,10,2019
CurrentWorkingView,1094777,12228324,Walmart 6090,04-Mar-19,40.3,0,31-12-2018,2019,31-12-2018,Q1-19,25-02-2019,M03-19,04-03-2019,1108272,1108349,5339207,1098727,Shoes,02-01-2018,68,3,1,10,2019
CurrentWorkingView,1105027,12228324,Walmart 7021,04-Mar-19,40.3,0,31-12-2018,2019,31-12-2018,Q1-19,25-02-2019,M03-19,04-03-2019,1108272,1108349,5339207,1098727,Shoes,02-01-2019,36,3,1,10,2019
CurrentWorkingView,1101635,12228324,Walmart 7017,04-Mar-19,40.3,0,31-12-2018,2019,31-12-2018,Q1-19,25-02-2019,M03-19,04-03-2019,1108272,1108349,5339207,1098727,Shoes,02-01-2019,135,3,1,10,2019
CurrentWorkingView,1795638,12228324,Walmart 7077,04-Mar-19,40.3,0,31-12-2018,2019,31-12-2018,Q1-19,25-02-2019,M03-19,04-03-2019,1108272,1108349,5339207,1098727,Shoes,02-01-2019,68,3,1,10,2019
CurrentWorkingView,1097271,12228324,Walmart 6096,04-Mar-19,40.3,0,31-12-2018,2019,31-12-2018,Q1-19,25-02-2019,M03-19,04-03-2019,1108272,1108349,5339207,1098727,Shoes,02-01-2019,93,3,1,10,2019
CurrentWorkingView,1095155,12228324,Walmart 6055,04-Mar-19,40.3,0,31-12-2018,2019,31-12-2018,Q1-19,25-02-2019,M03-19,04-03-2019,1108272,1108349,5339207,1098727,Shoes,02-01-2019,151,3,1,10,2019
CurrentWorkingView,1089657,12228324,Walmart 6082,11-Mar-19,40.3,0,31-12-2018,2019,31-12-2018,Q1-19,25-02-2019,M03-19,11-03-2019,1108272,1108349,5339207,1098727,Shoes,02-01-2019,80,3,1,11,2019
CurrentWorkingView,1097317,12228324,Walmart 6042,11-Mar-19,40.3,0,31-12-2018,2019,31-12-2018,Q1-19,25-02-2019,M03-19,11-03-2019,1108272,1108349,5339207,1098727,Shoes,02-01-2019,65,3,1,11,2019
CurrentWorkingView,3637005,12228324,Walmart 7084,11-Mar-19,40.3,0,31-12-2018,2019,31-12-2018,Q1-19,25-02-2019,M03-19,11-03-2019,1108272,1108349,5339207,1098727,Shoes,02-01-2019,54,3,1,11,2019
CurrentWorkingView,1092711,12228324,Walmart 6084,11-Mar-19,40.3,0,31-12-2018,2019,31-12-2018,Q1-19,25-02-2019,M03-19,11-03-2019,1108272,1108349,5339207,1098727,Shoes,02-01-2019,68,3,1,11,2019
CurrentWorkingView,1094777,12228324,Walmart 6090,11-Mar-19,40.3,0,31-12-2018,2019,31-12-2018,Q1-19,25-02-2019,M03-19,11-03-2019,1108272,1108349,5339207,1098727,Shoes,02-01-2018,68,3,1,11,2019
CurrentWorkingView,1105027,12228324,Walmart 7021,11-Mar-19,40.3,0,31-12-2018,2019,31-12-2018,Q1-19,25-02-2019,M03-19,11-03-2019,1108272,1108349,5339207,1098727,Shoes,02-01-2019,36,3,1,11,2019
CurrentWorkingView,1101635,12228324,Walmart 7017,11-Mar-19,40.3,0,31-12-2018,2019,31-12-2018,Q1-19,25-02-2019,M03-19,11-03-2019,1108272,1108349,5339207,1098727,Shoes,02-01-2019,135,3,1,11,2019
CurrentWorkingView,1795638,12228324,Walmart 7077,11-Mar-19,40.3,0,31-12-2018,2019,31-12-2018,Q1-19,25-02-2019,M03-19,11-03-2019,1108272,1108349,5339207,1098727,Shoes,02-01-2019,68,3,1,11,2019
CurrentWorkingView,1097271,12228324,Walmart 6096,11-Mar-19,40.3,0,31-12-2018,2019,31-12-2018,Q1-19,25-02-2019,M03-19,11-03-2019,1108272,1108349,5339207,1098727,Shoes,02-01-2019,93,3,1,11,2019
CurrentWorkingView,1095155,12228324,Walmart 6055,11-Mar-19,40.3,0,31-12-2018,2019,31-12-2018,Q1-19,25-02-2019,M03-19,11-03-2019,1108272,1108349,5339207,1098727,Shoes,02-01-2019,151,3,1,11,2019
CurrentWorkingView,1089657,12228324,Walmart 6082,18-Mar-19,40.3,0,31-12-2018,2019,31-12-2018,Q1-19,25-02-2019,M03-19,18-03-2019,1108272,1108349,5339207,1098727,Shoes,02-01-2019,80,3,1,12,2019
CurrentWorkingView,1097317,12228324,Walmart 6042,18-Mar-19,40.3,0,31-12-2018,2019,31-12-2018,Q1-19,25-02-2019,M03-19,18-03-2019,1108272,1108349,5339207,1098727,Shoes,02-01-2019,65,3,1,12,2019
CurrentWorkingView,3637005,12228324,Walmart 7084,18-Mar-19,40.3,0,31-12-2018,2019,31-12-2018,Q1-19,25-02-2019,M03-19,18-03-2019,1108272,1108349,5339207,1098727,Shoes,02-01-2019,54,3,1,12,2019
CurrentWorkingView,1092711,12228324,Walmart 6084,18-Mar-19,40.3,0,31-12-2018,2019,31-12-2018,Q1-19,25-02-2019,M03-19,18-03-2019,1108272,1108349,5339207,1098727,Shoes,02-01-2019,68,3,1,12,2019
CurrentWorkingView,1094777,12228324,Walmart 6090,18-Mar-19,40.3,0,31-12-2018,2019,31-12-2018,Q1-19,25-02-2019,M03-19,18-03-2019,1108272,1108349,5339207,1098727,Shoes,02-01-2018,68,3,1,12,2019
CurrentWorkingView,1105027,12228324,Walmart 7021,18-Mar-19,40.3,0,31-12-2018,2019,31-12-2018,Q1-19,25-02-2019,M03-19,18-03-2019,1108272,1108349,5339207,1098727,Shoes,02-01-2019,36,3,1,12,2019
CurrentWorkingView,1101635,12228324,Walmart 7017,18-Mar-19,40.3,0,31-12-2018,2019,31-12-2018,Q1-19,25-02-2019,M03-19,18-03-2019,1108272,1108349,5339207,1098727,Shoes,02-01-2019,135,3,1,12,2019
CurrentWorkingView,1795638,12228324,Walmart 7077,18-Mar-19,40.3,0,31-12-2018,2019,31-12-2018,Q1-19,25-02-2019,M03-19,18-03-2019,1108272,1108349,5339207,1098727,Shoes,02-01-2019,68,3,1,12,2019
CurrentWorkingView,1097271,12228324,Walmart 6096,18-Mar-19,40.3,0,31-12-2018,2019,31-12-2018,Q1-19,25-02-2019,M03-19,18-03-2019,1108272,1108349,5339207,1098727,Shoes,02-01-2019,93,3,1,12,2019
CurrentWorkingView,1095155,12228324,Walmart 6055,18-Mar-19,40.3,0,31-12-2018,2019,31-12-2018,Q1-19,25-02-2019,M03-19,18-03-2019,1108272,1108349,5339207,1098727,Shoes,02-01-2019,151,3,1,12,2019
CurrentWorkingView,1089657,12228324,Walmart 6082,25-Mar-19,40.3,0,31-12-2018,2019,31-12-2018,Q1-19,25-02-2019,M03-19,25-03-2019,1108272,1108349,5339207,1098727,Shoes,02-01-2019,80,3,1,13,2019
CurrentWorkingView,1097317,12228324,Walmart 6042,25-Mar-19,40.3,0,31-12-2018,2019,31-12-2018,Q1-19,25-02-2019,M03-19,25-03-2019,1108272,1108349,5339207,1098727,Shoes,02-01-2019,65,3,1,13,2019
CurrentWorkingView,1098078,12228324,Walmart 6064,25-Mar-19,40.3,0,31-12-2018,2019,31-12-2018,Q1-19,25-02-2019,M03-19,25-03-2019,1108272,1108349,5339207,1098727,Shoes,02-01-2019,80,3,1,13,2019
CurrentWorkingView,3637005,12228324,Walmart 7084,25-Mar-19,40.3,0,31-12-2018,2019,31-12-2018,Q1-19,25-02-2019,M03-19,25-03-2019,1108272,1108349,5339207,1098727,Shoes,02-01-2019,54,3,1,13,2019
CurrentWorkingView,1086788,12228324,Walmart 7024,25-Mar-19,40.3,0,31-12-2018,2019,31-12-2018,Q1-19,25-02-2019,M03-19,25-03-2019,1108272,1108349,5339207,1098727,Shoes,02-01-2018,68,3,1,13,2019
CurrentWorkingView,1092711,12228324,Walmart 6084,25-Mar-19,40.3,0,31-12-2018,2019,31-12-2018,Q1-19,25-02-2019,M03-19,25-03-2019,1108272,1108349,5339207,1098727,Shoes,02-01-2019,68,3,1,13,2019
CurrentWorkingView,1094777,12228324,Walmart 6090,25-Mar-19,40.3,0,31-12-2018,2019,31-12-2018,Q1-19,25-02-2019,M03-19,25-03-2019,1108272,1108349,5339207,1098727,Shoes,02-01-2018,68,3,1,13,2019
CurrentWorkingView,1105027,12228324,Walmart 7021,25-Mar-19,40.3,0,31-12-2018,2019,31-12-2018,Q1-19,25-02-2019,M03-19,25-03-2019,1108272,1108349,5339207,1098727,Shoes,02-01-2019,36,3,1,13,2019
CurrentWorkingView,1101635,12228324,Walmart 7017,25-Mar-19,40.3,0,31-12-2018,2019,31-12-2018,Q1-19,25-02-2019,M03-19,25-03-2019,1108272,1108349,5339207,1098727,Shoes,02-01-2019,135,3,1,13,2019
CurrentWorkingView,1795638,12228324,Walmart 7077,25-Mar-19,40.3,0,31-12-2018,2019,31-12-2018,Q1-19,25-02-2019,M03-19,25-03-2019,1108272,1108349,5339207,1098727,Shoes,02-01-2019,68,3,1,13,2019
CurrentWorkingView,1097271,12228324,Walmart 6096,25-Mar-19,40.3,0,31-12-2018,2019,31-12-2018,Q1-19,25-02-2019,M03-19,25-03-2019,1108272,1108349,5339207,1098727,Shoes,02-01-2019,93,3,1,13,2019
CurrentWorkingView,1095155,12228324,Walmart 6055,25-Mar-19,40.3,0,31-12-2018,2019,31-12-2018,Q1-19,25-02-2019,M03-19,25-03-2019,1108272,1108349,5339207,1098727,Shoes,02-01-2019,151,3,1,13,2019
CurrentWorkingView,1089657,12228324,Walmart 6082,01-Apr-19,52.84,0,31-12-2018,2019,01-04-2019,Q2-19,01-04-2019,M04-19,01-04-2019,1108272,1108349,5339207,1098727,Shoes,02-01-2019,80,4,2,14,2019
CurrentWorkingView,1097317,12228324,Walmart 6042,01-Apr-19,52.84,0,31-12-2018,2019,01-04-2019,Q2-19,01-04-2019,M04-19,01-04-2019,1108272,1108349,5339207,1098727,Shoes,02-01-2019,65,4,2,14,2019
CurrentWorkingView,1098078,12228324,Walmart 6064,01-Apr-19,52.84,0,31-12-2018,2019,01-04-2019,Q2-19,01-04-2019,M04-19,01-04-2019,1108272,1108349,5339207,1098727,Shoes,02-01-2019,80,4,2,14,2019
CurrentWorkingView,3637005,12228324,Walmart 7084,01-Apr-19,52.84,0,31-12-2018,2019,01-04-2019,Q2-19,01-04-2019,M04-19,01-04-2019,1108272,1108349,5339207,1098727,Shoes,02-01-2019,54,4,2,14,2019
CurrentWorkingView,1086788,12228324,Walmart 7024,01-Apr-19,52.84,0,31-12-2018,2019,01-04-2019,Q2-19,01-04-2019,M04-19,01-04-2019,1108272,1108349,5339207,1098727,Shoes,02-01-2018,68,4,2,14,2019
CurrentWorkingView,1092711,12228324,Walmart 6084,01-Apr-19,52.84,0,31-12-2018,2019,01-04-2019,Q2-19,01-04-2019,M04-19,01-04-2019,1108272,1108349,5339207,1098727,Shoes,02-01-2019,68,4,2,14,2019
CurrentWorkingView,1094777,12228324,Walmart 6090,01-Apr-19,52.84,0,31-12-2018,2019,01-04-2019,Q2-19,01-04-2019,M04-19,01-04-2019,1108272,1108349,5339207,1098727,Shoes,02-01-2018,68,4,2,14,2019
CurrentWorkingView,1098164,12228324,Walmart 6077,01-Apr-19,52.84,0,31-12-2018,2019,01-04-2019,Q2-19,01-04-2019,M04-19,01-04-2019,1108272,1108349,5339207,1098727,Shoes,02-01-2019,154,4,2,14,2019
CurrentWorkingView,1105027,12228324,Walmart 7021,01-Apr-19,52.84,0,31-12-2018,2019,01-04-2019,Q2-19,01-04-2019,M04-19,01-04-2019,1108272,1108349,5339207,1098727,Shoes,02-01-2019,36,4,2,14,2019
CurrentWorkingView,1101635,12228324,Walmart 7017,01-Apr-19,52.84,0,31-12-2018,2019,01-04-2019,Q2-19,01-04-2019,M04-19,01-04-2019,1108272,1108349,5339207,1098727,Shoes,02-01-2019,135,4,2,14,2019
CurrentWorkingView,1795638,12228324,Walmart 7077,01-Apr-19,52.84,0,31-12-2018,2019,01-04-2019,Q2-19,01-04-2019,M04-19,01-04-2019,1108272,1108349,5339207,1098727,Shoes,02-01-2019,68,4,2,14,2019
CurrentWorkingView,1097271,12228324,Walmart 6096,01-Apr-19,52.84,0,31-12-2018,2019,01-04-2019,Q2-19,01-04-2019,M04-19,01-04-2019,1108272,1108349,5339207,1098727,Shoes,02-01-2019,93,4,2,14,2019
CurrentWorkingView,1095155,12228324,Walmart 6055,01-Apr-19,52.84,0,31-12-2018,2019,01-04-2019,Q2-19,01-04-2019,M04-19,01-04-2019,1108272,1108349,5339207,1098727,Shoes,02-01-2019,151,4,2,14,2019
CurrentWorkingView,1089657,12228324,Walmart 6082,08-Apr-19,52.84,0,31-12-2018,2019,01-04-2019,Q2-19,01-04-2019,M04-19,08-04-2019,1108272,1108349,5339207,1098727,Shoes,02-01-2019,80,4,2,15,2019
CurrentWorkingView,1097317,12228324,Walmart 6042,08-Apr-19,52.84,0,31-12-2018,2019,01-04-2019,Q2-19,01-04-2019,M04-19,08-04-2019,1108272,1108349,5339207,1098727,Shoes,02-01-2019,65,4,2,15,2019
CurrentWorkingView,1098078,12228324,Walmart 6064,08-Apr-19,52.84,0,31-12-2018,2019,01-04-2019,Q2-19,01-04-2019,M04-19,08-04-2019,1108272,1108349,5339207,1098727,Shoes,02-01-2019,80,4,2,15,2019
CurrentWorkingView,3637005,12228324,Walmart 7084,08-Apr-19,52.84,0,31-12-2018,2019,01-04-2019,Q2-19,01-04-2019,M04-19,08-04-2019,1108272,1108349,5339207,1098727,Shoes,02-01-2019,54,4,2,15,2019
CurrentWorkingView,1086788,12228324,Walmart 7024,08-Apr-19,52.84,0,31-12-2018,2019,01-04-2019,Q2-19,01-04-2019,M04-19,08-04-2019,1108272,1108349,5339207,1098727,Shoes,02-01-2018,68,4,2,15,2019
CurrentWorkingView,1092711,12228324,Walmart 6084,08-Apr-19,52.84,0,31-12-2018,2019,01-04-2019,Q2-19,01-04-2019,M04-19,08-04-2019,1108272,1108349,5339207,1098727,Shoes,02-01-2019,68,4,2,15,2019
CurrentWorkingView,1094777,12228324,Walmart 6090,08-Apr-19,52.84,0,31-12-2018,2019,01-04-2019,Q2-19,01-04-2019,M04-19,08-04-2019,1108272,1108349,5339207,1098727,Shoes,02-01-2018,68,4,2,15,2019
CurrentWorkingView,1098164,12228324,Walmart 6077,08-Apr-19,52.84,0,31-12-2018,2019,01-04-2019,Q2-19,01-04-2019,M04-19,08-04-2019,1108272,1108349,5339207,1098727,Shoes,02-01-2019,154,4,2,15,2019
CurrentWorkingView,1306833,12228324,Walmart 7048,08-Apr-19,52.84,0,31-12-2018,2019,01-04-2019,Q2-19,01-04-2019,M04-19,08-04-2019,1108272,1108349,5339207,1098727,Shoes,02-01-2019,19,4,2,15,2019
CurrentWorkingView,1105027,12228324,Walmart 7021,08-Apr-19,52.84,0,31-12-2018,2019,01-04-2019,Q2-19,01-04-2019,M04-19,08-04-2019,1108272,1108349,5339207,1098727,Shoes,02-01-2019,36,4,2,15,2019
CurrentWorkingView,1097358,12228324,Walmart 6074,08-Apr-19,52.84,0,31-12-2018,2019,01-04-2019,Q2-19,01-04-2019,M04-19,08-04-2019,1108272,1108349,5339207,1098727,Shoes,02-01-2019,71,4,2,15,2019
CurrentWorkingView,1101635,12228324,Walmart 7017,08-Apr-19,52.84,0,31-12-2018,2019,01-04-2019,Q2-19,01-04-2019,M04-19,08-04-2019,1108272,1108349,5339207,1098727,Shoes,02-01-2019,135,4,2,15,2019
CurrentWorkingView,1795638,12228324,Walmart 7077,08-Apr-19,52.84,0,31-12-2018,2019,01-04-2019,Q2-19,01-04-2019,M04-19,08-04-2019,1108272,1108349,5339207,1098727,Shoes,02-01-2019,68,4,2,15,2019
CurrentWorkingView,1097271,12228324,Walmart 6096,08-Apr-19,52.84,0,31-12-2018,2019,01-04-2019,Q2-19,01-04-2019,M04-19,08-04-2019,1108272,1108349,5339207,1098727,Shoes,02-01-2019,93,4,2,15,2019
CurrentWorkingView,1095155,12228324,Walmart 6055,08-Apr-19,52.84,0,31-12-2018,2019,01-04-2019,Q2-19,01-04-2019,M04-19,08-04-2019,1108272,1108349,5339207,1098727,Shoes,02-01-2019,151,4,2,15,2019
CurrentWorkingView,1089657,12228324,Walmart 6082,15-Apr-19,52.84,0,31-12-2018,2019,01-04-2019,Q2-19,01-04-2019,M04-19,15-04-2019,1108272,1108349,5339207,1098727,Shoes,02-01-2019,80,4,2,16,2019
CurrentWorkingView,1097317,12228324,Walmart 6042,15-Apr-19,52.84,0,31-12-2018,2019,01-04-2019,Q2-19,01-04-2019,M04-19,15-04-2019,1108272,1108349,5339207,1098727,Shoes,02-01-2019,65,4,2,16,2019
CurrentWorkingView,1098078,12228324,Walmart 6064,15-Apr-19,52.84,0,31-12-2018,2019,01-04-2019,Q2-19,01-04-2019,M04-19,15-04-2019,1108272,1108349,5339207,1098727,Shoes,02-01-2019,80,4,2,16,2019
CurrentWorkingView,3637005,12228324,Walmart 7084,15-Apr-19,52.84,0,31-12-2018,2019,01-04-2019,Q2-19,01-04-2019,M04-19,15-04-2019,1108272,1108349,5339207,1098727,Shoes,02-01-2019,54,4,2,16,2019
CurrentWorkingView,1086788,12228324,Walmart 7024,15-Apr-19,52.84,0,31-12-2018,2019,01-04-2019,Q2-19,01-04-2019,M04-19,15-04-2019,1108272,1108349,5339207,1098727,Shoes,02-01-2018,68,4,2,16,2019
CurrentWorkingView,1092711,12228324,Walmart 6084,15-Apr-19,52.84,0,31-12-2018,2019,01-04-2019,Q2-19,01-04-2019,M04-19,15-04-2019,1108272,1108349,5339207,1098727,Shoes,02-01-2019,68,4,2,16,2019
CurrentWorkingView,1094777,12228324,Walmart 6090,15-Apr-19,52.84,0,31-12-2018,2019,01-04-2019,Q2-19,01-04-2019,M04-19,15-04-2019,1108272,1108349,5339207,1098727,Shoes,02-01-2018,68,4,2,16,2019
CurrentWorkingView,1098164,12228324,Walmart 6077,15-Apr-19,52.84,0,31-12-2018,2019,01-04-2019,Q2-19,01-04-2019,M04-19,15-04-2019,1108272,1108349,5339207,1098727,Shoes,02-01-2019,154,4,2,16,2019
CurrentWorkingView,1306833,12228324,Walmart 7048,15-Apr-19,52.84,0,31-12-2018,2019,01-04-2019,Q2-19,01-04-2019,M04-19,15-04-2019,1108272,1108349,5339207,1098727,Shoes,02-01-2019,19,4,2,16,2019
CurrentWorkingView,1105027,12228324,Walmart 7021,15-Apr-19,52.84,0,31-12-2018,2019,01-04-2019,Q2-19,01-04-2019,M04-19,15-04-2019,1108272,1108349,5339207,1098727,Shoes,02-01-2019,36,4,2,16,2019
CurrentWorkingView,1097358,12228324,Walmart 6074,15-Apr-19,52.84,0,31-12-2018,2019,01-04-2019,Q2-19,01-04-2019,M04-19,15-04-2019,1108272,1108349,5339207,1098727,Shoes,02-01-2019,71,4,2,16,2019
CurrentWorkingView,1101635,12228324,Walmart 7017,15-Apr-19,52.84,0,31-12-2018,2019,01-04-2019,Q2-19,01-04-2019,M04-19,15-04-2019,1108272,1108349,5339207,1098727,Shoes,02-01-2019,135,4,2,16,2019
CurrentWorkingView,1795638,12228324,Walmart 7077,15-Apr-19,52.84,0,31-12-2018,2019,01-04-2019,Q2-19,01-04-2019,M04-19,15-04-2019,1108272,1108349,5339207,1098727,Shoes,02-01-2019,68,4,2,16,2019
CurrentWorkingView,1097271,12228324,Walmart 6096,15-Apr-19,52.84,0,31-12-2018,2019,01-04-2019,Q2-19,01-04-2019,M04-19,15-04-2019,1108272,1108349,5339207,1098727,Shoes,02-01-2019,93,4,2,16,2019
CurrentWorkingView,1095155,12228324,Walmart 6055,15-Apr-19,52.84,0,31-12-2018,2019,01-04-2019,Q2-19,01-04-2019,M04-19,15-04-2019,1108272,1108349,5339207,1098727,Shoes,02-01-2019,151,4,2,16,2019
CurrentWorkingView,1089657,12228324,Walmart 6082,22-Apr-19,52.84,0,31-12-2018,2019,01-04-2019,Q2-19,01-04-2019,M04-19,22-04-2019,1108272,1108349,5339207,1098727,Shoes,02-01-2019,80,4,2,17,2019
CurrentWorkingView,1097317,12228324,Walmart 6042,22-Apr-19,52.84,0,31-12-2018,2019,01-04-2019,Q2-19,01-04-2019,M04-19,22-04-2019,1108272,1108349,5339207,1098727,Shoes,02-01-2019,65,4,2,17,2019
CurrentWorkingView,1098078,12228324,Walmart 6064,22-Apr-19,52.84,0,31-12-2018,2019,01-04-2019,Q2-19,01-04-2019,M04-19,22-04-2019,1108272,1108349,5339207,1098727,Shoes,02-01-2019,80,4,2,17,2019
CurrentWorkingView,3637005,12228324,Walmart 7084,22-Apr-19,52.84,0,31-12-2018,2019,01-04-2019,Q2-19,01-04-2019,M04-19,22-04-2019,1108272,1108349,5339207,1098727,Shoes,02-01-2019,54,4,2,17,2019
CurrentWorkingView,1086788,12228324,Walmart 7024,22-Apr-19,52.84,0,31-12-2018,2019,01-04-2019,Q2-19,01-04-2019,M04-19,22-04-2019,1108272,1108349,5339207,1098727,Shoes,02-01-2018,68,4,2,17,2019
CurrentWorkingView,1092711,12228324,Walmart 6084,22-Apr-19,52.84,0,31-12-2018,2019,01-04-2019,Q2-19,01-04-2019,M04-19,22-04-2019,1108272,1108349,5339207,1098727,Shoes,02-01-2019,68,4,2,17,2019
CurrentWorkingView,1094777,12228324,Walmart 6090,22-Apr-19,52.84,0,31-12-2018,2019,01-04-2019,Q2-19,01-04-2019,M04-19,22-04-2019,1108272,1108349,5339207,1098727,Shoes,02-01-2018,68,4,2,17,2019
CurrentWorkingView,1098164,12228324,Walmart 6077,22-Apr-19,52.84,0,31-12-2018,2019,01-04-2019,Q2-19,01-04-2019,M04-19,22-04-2019,1108272,1108349,5339207,1098727,Shoes,02-01-2019,154,4,2,17,2019
CurrentWorkingView,1306833,12228324,Walmart 7048,22-Apr-19,52.84,0,31-12-2018,2019,01-04-2019,Q2-19,01-04-2019,M04-19,22-04-2019,1108272,1108349,5339207,1098727,Shoes,02-01-2019,19,4,2,17,2019
CurrentWorkingView,1105027,12228324,Walmart 7021,22-Apr-19,52.84,0,31-12-2018,2019,01-04-2019,Q2-19,01-04-2019,M04-19,22-04-2019,1108272,1108349,5339207,1098727,Shoes,02-01-2019,36,4,2,17,2019
CurrentWorkingView,1097358,12228324,Walmart 6074,22-Apr-19,52.84,0,31-12-2018,2019,01-04-2019,Q2-19,01-04-2019,M04-19,22-04-2019,1108272,1108349,5339207,1098727,Shoes,02-01-2019,71,4,2,17,2019
CurrentWorkingView,1101635,12228324,Walmart 7017,22-Apr-19,52.84,0,31-12-2018,2019,01-04-2019,Q2-19,01-04-2019,M04-19,22-04-2019,1108272,1108349,5339207,1098727,Shoes,02-01-2019,135,4,2,17,2019
CurrentWorkingView,1795638,12228324,Walmart 7077,22-Apr-19,52.84,0,31-12-2018,2019,01-04-2019,Q2-19,01-04-2019,M04-19,22-04-2019,1108272,1108349,5339207,1098727,Shoes,02-01-2019,68,4,2,17,2019
CurrentWorkingView,1097271,12228324,Walmart 6096,22-Apr-19,52.84,0,31-12-2018,2019,01-04-2019,Q2-19,01-04-2019,M04-19,22-04-2019,1108272,1108349,5339207,1098727,Shoes,02-01-2019,93,4,2,17,2019
CurrentWorkingView,1095155,12228324,Walmart 6055,22-Apr-19,52.84,0,31-12-2018,2019,01-04-2019,Q2-19,01-04-2019,M04-19,22-04-2019,1108272,1108349,5339207,1098727,Shoes,02-01-2019,151,4,2,17,2019
CurrentWorkingView,1089657,12228324,Walmart 6082,29-Apr-19,57.59,0,31-12-2018,2019,01-04-2019,Q2-19,29-04-2019,M05-19,29-04-2019,1108272,1108349,5339207,1098727,Shoes,02-01-2019,80,4,2,18,2019
CurrentWorkingView,1097317,12228324,Walmart 6042,29-Apr-19,57.59,0,31-12-2018,2019,01-04-2019,Q2-19,29-04-2019,M05-19,29-04-2019,1108272,1108349,5339207,1098727,Shoes,02-01-2019,65,4,2,18,2019
CurrentWorkingView,1098078,12228324,Walmart 6064,29-Apr-19,57.59,0,31-12-2018,2019,01-04-2019,Q2-19,29-04-2019,M05-19,29-04-2019,1108272,1108349,5339207,1098727,Shoes,02-01-2019,80,4,2,18,2019
CurrentWorkingView,3637005,12228324,Walmart 7084,29-Apr-19,57.59,0,31-12-2018,2019,01-04-2019,Q2-19,29-04-2019,M05-19,29-04-2019,1108272,1108349,5339207,1098727,Shoes,02-01-2019,54,4,2,18,2019
CurrentWorkingView,1086788,12228324,Walmart 7024,29-Apr-19,57.59,0,31-12-2018,2019,01-04-2019,Q2-19,29-04-2019,M05-19,29-04-2019,1108272,1108349,5339207,1098727,Shoes,02-01-2018,68,4,2,18,2019
CurrentWorkingView,1092711,12228324,Walmart 6084,29-Apr-19,57.59,0,31-12-2018,2019,01-04-2019,Q2-19,29-04-2019,M05-19,29-04-2019,1108272,1108349,5339207,1098727,Shoes,02-01-2019,68,4,2,18,2019
CurrentWorkingView,1094777,12228324,Walmart 6090,29-Apr-19,57.59,0,31-12-2018,2019,01-04-2019,Q2-19,29-04-2019,M05-19,29-04-2019,1108272,1108349,5339207,1098727,Shoes,02-01-2018,68,4,2,18,2019
CurrentWorkingView,1098164,12228324,Walmart 6077,29-Apr-19,57.59,0,31-12-2018,2019,01-04-2019,Q2-19,29-04-2019,M05-19,29-04-2019,1108272,1108349,5339207,1098727,Shoes,02-01-2019,154,4,2,18,2019
CurrentWorkingView,1306833,12228324,Walmart 7048,29-Apr-19,57.59,0,31-12-2018,2019,01-04-2019,Q2-19,29-04-2019,M05-19,29-04-2019,1108272,1108349,5339207,1098727,Shoes,02-01-2019,19,4,2,18,2019
CurrentWorkingView,1105027,12228324,Walmart 7021,29-Apr-19,57.59,0,31-12-2018,2019,01-04-2019,Q2-19,29-04-2019,M05-19,29-04-2019,1108272,1108349,5339207,1098727,Shoes,02-01-2019,36,4,2,18,2019
CurrentWorkingView,1087166,12228324,Walmart 6073,29-Apr-19,57.59,0,31-12-2018,2019,01-04-2019,Q2-19,29-04-2019,M05-19,29-04-2019,1108272,1108349,5339207,1098727,Shoes,02-01-2019,52,4,2,18,2019
CurrentWorkingView,1097358,12228324,Walmart 6074,29-Apr-19,57.59,0,31-12-2018,2019,01-04-2019,Q2-19,29-04-2019,M05-19,29-04-2019,1108272,1108349,5339207,1098727,Shoes,02-01-2019,71,4,2,18,2019
CurrentWorkingView,1101635,12228324,Walmart 7017,29-Apr-19,57.59,0,31-12-2018,2019,01-04-2019,Q2-19,29-04-2019,M05-19,29-04-2019,1108272,1108349,5339207,1098727,Shoes,02-01-2019,135,4,2,18,2019
CurrentWorkingView,1795638,12228324,Walmart 7077,29-Apr-19,57.59,0,31-12-2018,2019,01-04-2019,Q2-19,29-04-2019,M05-19,29-04-2019,1108272,1108349,5339207,1098727,Shoes,02-01-2019,68,4,2,18,2019
CurrentWorkingView,1097271,12228324,Walmart 6096,29-Apr-19,57.59,0,31-12-2018,2019,01-04-2019,Q2-19,29-04-2019,M05-19,29-04-2019,1108272,1108349,5339207,1098727,Shoes,02-01-2019,93,4,2,18,2019
CurrentWorkingView,1095155,12228324,Walmart 6055,29-Apr-19,57.59,0,31-12-2018,2019,01-04-2019,Q2-19,29-04-2019,M05-19,29-04-2019,1108272,1108349,5339207,1098727,Shoes,02-01-2019,151,4,2,18,2019
CurrentWorkingView,1089657,12228324,Walmart 6082,06-May-19,59.49,0,31-12-2018,2019,01-04-2019,Q2-19,29-04-2019,M05-19,06-05-2019,1108272,1108349,5339207,1098727,Shoes,02-01-2019,80,5,2,19,2019
CurrentWorkingView,1097317,12228324,Walmart 6042,06-May-19,59.49,0,31-12-2018,2019,01-04-2019,Q2-19,29-04-2019,M05-19,06-05-2019,1108272,1108349,5339207,1098727,Shoes,02-01-2019,65,5,2,19,2019
CurrentWorkingView,1098078,12228324,Walmart 6064,06-May-19,59.49,0,31-12-2018,2019,01-04-2019,Q2-19,29-04-2019,M05-19,06-05-2019,1108272,1108349,5339207,1098727,Shoes,02-01-2019,80,5,2,19,2019
CurrentWorkingView,3637005,12228324,Walmart 7084,06-May-19,59.49,0,31-12-2018,2019,01-04-2019,Q2-19,29-04-2019,M05-19,06-05-2019,1108272,1108349,5339207,1098727,Shoes,02-01-2019,54,5,2,19,2019
CurrentWorkingView,1086788,12228324,Walmart 7024,06-May-19,59.49,0,31-12-2018,2019,01-04-2019,Q2-19,29-04-2019,M05-19,06-05-2019,1108272,1108349,5339207,1098727,Shoes,02-01-2018,68,5,2,19,2019
CurrentWorkingView,1092711,12228324,Walmart 6084,06-May-19,59.49,0,31-12-2018,2019,01-04-2019,Q2-19,29-04-2019,M05-19,06-05-2019,1108272,1108349,5339207,1098727,Shoes,02-01-2019,68,5,2,19,2019
CurrentWorkingView,1094777,12228324,Walmart 6090,06-May-19,59.49,0,31-12-2018,2019,01-04-2019,Q2-19,29-04-2019,M05-19,06-05-2019,1108272,1108349,5339207,1098727,Shoes,02-01-2018,68,5,2,19,2019
CurrentWorkingView,1098164,12228324,Walmart 6077,06-May-19,59.49,0,31-12-2018,2019,01-04-2019,Q2-19,29-04-2019,M05-19,06-05-2019,1108272,1108349,5339207,1098727,Shoes,02-01-2019,154,5,2,19,2019
CurrentWorkingView,1306833,12228324,Walmart 7048,06-May-19,59.49,0,31-12-2018,2019,01-04-2019,Q2-19,29-04-2019,M05-19,06-05-2019,1108272,1108349,5339207,1098727,Shoes,02-01-2019,19,5,2,19,2019
CurrentWorkingView,1094804,12228324,Walmart 6059,06-May-19,59.49,0,31-12-2018,2019,01-04-2019,Q2-19,29-04-2019,M05-19,06-05-2019,1108272,1108349,5339207,1098727,Shoes,02-01-2019,151,5,2,19,2019
CurrentWorkingView,1105027,12228324,Walmart 7021,06-May-19,59.49,0,31-12-2018,2019,01-04-2019,Q2-19,29-04-2019,M05-19,06-05-2019,1108272,1108349,5339207,1098727,Shoes,02-01-2019,36,5,2,19,2019
CurrentWorkingView,1087166,12228324,Walmart 6073,06-May-19,59.49,0,31-12-2018,2019,01-04-2019,Q2-19,29-04-2019,M05-19,06-05-2019,1108272,1108349,5339207,1098727,Shoes,02-01-2019,52,5,2,19,2019
CurrentWorkingView,1097358,12228324,Walmart 6074,06-May-19,59.49,0,31-12-2018,2019,01-04-2019,Q2-19,29-04-2019,M05-19,06-05-2019,1108272,1108349,5339207,1098727,Shoes,02-01-2019,71,5,2,19,2019
CurrentWorkingView,1101635,12228324,Walmart 7017,06-May-19,59.49,0,31-12-2018,2019,01-04-2019,Q2-19,29-04-2019,M05-19,06-05-2019,1108272,1108349,5339207,1098727,Shoes,02-01-2019,135,5,2,19,2019
CurrentWorkingView,1795638,12228324,Walmart 7077,06-May-19,59.49,0,31-12-2018,2019,01-04-2019,Q2-19,29-04-2019,M05-19,06-05-2019,1108272,1108349,5339207,1098727,Shoes,02-01-2019,68,5,2,19,2019
CurrentWorkingView,1097271,12228324,Walmart 6096,06-May-19,59.49,0,31-12-2018,2019,01-04-2019,Q2-19,29-04-2019,M05-19,06-05-2019,1108272,1108349,5339207,1098727,Shoes,02-01-2019,93,5,2,19,2019
CurrentWorkingView,1095155,12228324,Walmart 6055,06-May-19,59.49,0,31-12-2018,2019,01-04-2019,Q2-19,29-04-2019,M05-19,06-05-2019,1108272,1108349,5339207,1098727,Shoes,02-01-2019,151,5,2,19,2019
CurrentWorkingView,1089657,12228324,Walmart 6082,13-May-19,59.49,0,31-12-2018,2019,01-04-2019,Q2-19,29-04-2019,M05-19,13-05-2019,1108272,1108349,5339207,1098727,Shoes,02-01-2019,80,5,2,20,2019
CurrentWorkingView,1097317,12228324,Walmart 6042,13-May-19,59.49,0,31-12-2018,2019,01-04-2019,Q2-19,29-04-2019,M05-19,13-05-2019,1108272,1108349,5339207,1098727,Shoes,02-01-2019,65,5,2,20,2019
CurrentWorkingView,1098078,12228324,Walmart 6064,13-May-19,59.49,0,31-12-2018,2019,01-04-2019,Q2-19,29-04-2019,M05-19,13-05-2019,1108272,1108349,5339207,1098727,Shoes,02-01-2019,80,5,2,20,2019
CurrentWorkingView,3637005,12228324,Walmart 7084,13-May-19,59.49,0,31-12-2018,2019,01-04-2019,Q2-19,29-04-2019,M05-19,13-05-2019,1108272,1108349,5339207,1098727,Shoes,02-01-2019,54,5,2,20,2019
CurrentWorkingView,1086788,12228324,Walmart 7024,13-May-19,59.49,0,31-12-2018,2019,01-04-2019,Q2-19,29-04-2019,M05-19,13-05-2019,1108272,1108349,5339207,1098727,Shoes,02-01-2018,68,5,2,20,2019
CurrentWorkingView,1092711,12228324,Walmart 6084,13-May-19,59.49,0,31-12-2018,2019,01-04-2019,Q2-19,29-04-2019,M05-19,13-05-2019,1108272,1108349,5339207,1098727,Shoes,02-01-2019,68,5,2,20,2019
CurrentWorkingView,1094777,12228324,Walmart 6090,13-May-19,59.49,0,31-12-2018,2019,01-04-2019,Q2-19,29-04-2019,M05-19,13-05-2019,1108272,1108349,5339207,1098727,Shoes,02-01-2018,68,5,2,20,2019
CurrentWorkingView,1098164,12228324,Walmart 6077,13-May-19,59.49,0,31-12-2018,2019,01-04-2019,Q2-19,29-04-2019,M05-19,13-05-2019,1108272,1108349,5339207,1098727,Shoes,02-01-2019,154,5,2,20,2019
CurrentWorkingView,1306833,12228324,Walmart 7048,13-May-19,59.49,0,31-12-2018,2019,01-04-2019,Q2-19,29-04-2019,M05-19,13-05-2019,1108272,1108349,5339207,1098727,Shoes,02-01-2019,19,5,2,20,2019
CurrentWorkingView,1094804,12228324,Walmart 6059,13-May-19,59.49,0,31-12-2018,2019,01-04-2019,Q2-19,29-04-2019,M05-19,13-05-2019,1108272,1108349,5339207,1098727,Shoes,02-01-2019,151,5,2,20,2019
CurrentWorkingView,1105027,12228324,Walmart 7021,13-May-19,59.49,0,31-12-2018,2019,01-04-2019,Q2-19,29-04-2019,M05-19,13-05-2019,1108272,1108349,5339207,1098727,Shoes,02-01-2019,36,5,2,20,2019
CurrentWorkingView,1087166,12228324,Walmart 6073,13-May-19,59.49,0,31-12-2018,2019,01-04-2019,Q2-19,29-04-2019,M05-19,13-05-2019,1108272,1108349,5339207,1098727,Shoes,02-01-2019,52,5,2,20,2019
CurrentWorkingView,1097358,12228324,Walmart 6074,13-May-19,59.49,0,31-12-2018,2019,01-04-2019,Q2-19,29-04-2019,M05-19,13-05-2019,1108272,1108349,5339207,1098727,Shoes,02-01-2019,71,5,2,20,2019
CurrentWorkingView,1101635,12228324,Walmart 7017,13-May-19,59.49,0,31-12-2018,2019,01-04-2019,Q2-19,29-04-2019,M05-19,13-05-2019,1108272,1108349,5339207,1098727,Shoes,02-01-2019,135,5,2,20,2019
CurrentWorkingView,1795638,12228324,Walmart 7077,13-May-19,59.49,0,31-12-2018,2019,01-04-2019,Q2-19,29-04-2019,M05-19,13-05-2019,1108272,1108349,5339207,1098727,Shoes,02-01-2019,68,5,2,20,2019
CurrentWorkingView,1097271,12228324,Walmart 6096,13-May-19,59.49,0,31-12-2018,2019,01-04-2019,Q2-19,29-04-2019,M05-19,13-05-2019,1108272,1108349,5339207,1098727,Shoes,02-01-2019,93,5,2,20,2019
CurrentWorkingView,1095155,12228324,Walmart 6055,13-May-19,59.49,0,31-12-2018,2019,01-04-2019,Q2-19,29-04-2019,M05-19,13-05-2019,1108272,1108349,5339207,1098727,Shoes,02-01-2019,151,5,2,20,2019
CurrentWorkingView,1084287,12228324,Walmart 7015,20-May-19,59.49,0,31-12-2018,2019,01-04-2019,Q2-19,29-04-2019,M05-19,20-05-2019,1108272,1108349,5339207,1098727,Shoes,02-01-2019,154,5,2,21,2019
CurrentWorkingView,1087563,12228324,Walmart 6071,20-May-19,59.49,0,31-12-2018,2019,01-04-2019,Q2-19,29-04-2019,M05-19,20-05-2019,1108272,1108349,5339207,1098727,Shoes,02-01-2019,124,5,2,21,2019
CurrentWorkingView,1089657,12228324,Walmart 6082,20-May-19,59.49,0,31-12-2018,2019,01-04-2019,Q2-19,29-04-2019,M05-19,20-05-2019,1108272,1108349,5339207,1098727,Shoes,02-01-2019,80,5,2,21,2019
CurrentWorkingView,1097317,12228324,Walmart 6042,20-May-19,59.49,0,31-12-2018,2019,01-04-2019,Q2-19,29-04-2019,M05-19,20-05-2019,1108272,1108349,5339207,1098727,Shoes,02-01-2019,65,5,2,21,2019
CurrentWorkingView,1098078,12228324,Walmart 6064,20-May-19,59.49,0,31-12-2018,2019,01-04-2019,Q2-19,29-04-2019,M05-19,20-05-2019,1108272,1108349,5339207,1098727,Shoes,02-01-2019,80,5,2,21,2019
CurrentWorkingView,3637005,12228324,Walmart 7084,20-May-19,59.49,0,31-12-2018,2019,01-04-2019,Q2-19,29-04-2019,M05-19,20-05-2019,1108272,1108349,5339207,1098727,Shoes,02-01-2019,54,5,2,21,2019
CurrentWorkingView,1086788,12228324,Walmart 7024,20-May-19,59.49,0,31-12-2018,2019,01-04-2019,Q2-19,29-04-2019,M05-19,20-05-2019,1108272,1108349,5339207,1098727,Shoes,02-01-2018,68,5,2,21,2019
CurrentWorkingView,1087868,12228324,Walmart 6072,20-May-19,59.49,0,31-12-2018,2019,01-04-2019,Q2-19,29-04-2019,M05-19,20-05-2019,1108272,1108349,5339207,1098727,Shoes,02-01-2019,65,5,2,21,2019
CurrentWorkingView,1092711,12228324,Walmart 6084,20-May-19,59.49,0,31-12-2018,2019,01-04-2019,Q2-19,29-04-2019,M05-19,20-05-2019,1108272,1108349,5339207,1098727,Shoes,02-01-2019,68,5,2,21,2019
CurrentWorkingView,1094777,12228324,Walmart 6090,20-May-19,59.49,0,31-12-2018,2019,01-04-2019,Q2-19,29-04-2019,M05-19,20-05-2019,1108272,1108349,5339207,1098727,Shoes,02-01-2018,68,5,2,21,2019
CurrentWorkingView,1097250,12228324,Walmart 6065,20-May-19,59.49,0,31-12-2018,2019,01-04-2019,Q2-19,29-04-2019,M05-19,20-05-2019,1108272,1108349,5339207,1098727,Shoes,02-01-2019,151,5,2,21,2019
CurrentWorkingView,1098164,12228324,Walmart 6077,20-May-19,59.49,0,31-12-2018,2019,01-04-2019,Q2-19,29-04-2019,M05-19,20-05-2019,1108272,1108349,5339207,1098727,Shoes,02-01-2019,154,5,2,21,2019
CurrentWorkingView,1306833,12228324,Walmart 7048,20-May-19,59.49,0,31-12-2018,2019,01-04-2019,Q2-19,29-04-2019,M05-19,20-05-2019,1108272,1108349,5339207,1098727,Shoes,02-01-2019,19,5,2,21,2019
CurrentWorkingView,1094804,12228324,Walmart 6059,20-May-19,59.49,0,31-12-2018,2019,01-04-2019,Q2-19,29-04-2019,M05-19,20-05-2019,1108272,1108349,5339207,1098727,Shoes,02-01-2019,151,5,2,21,2019
CurrentWorkingView,1105027,12228324,Walmart 7021,20-May-19,59.49,0,31-12-2018,2019,01-04-2019,Q2-19,29-04-2019,M05-19,20-05-2019,1108272,1108349,5339207,1098727,Shoes,02-01-2019,36,5,2,21,2019
CurrentWorkingView,1087166,12228324,Walmart 6073,20-May-19,59.49,0,31-12-2018,2019,01-04-2019,Q2-19,29-04-2019,M05-19,20-05-2019,1108272,1108349,5339207,1098727,Shoes,02-01-2019,52,5,2,21,2019
CurrentWorkingView,1097358,12228324,Walmart 6074,20-May-19,59.49,0,31-12-2018,2019,01-04-2019,Q2-19,29-04-2019,M05-19,20-05-2019,1108272,1108349,5339207,1098727,Shoes,02-01-2019,71,5,2,21,2019
CurrentWorkingView,1101635,12228324,Walmart 7017,20-May-19,59.49,0,31-12-2018,2019,01-04-2019,Q2-19,29-04-2019,M05-19,20-05-2019,1108272,1108349,5339207,1098727,Shoes,02-01-2019,135,5,2,21,2019
CurrentWorkingView,1779141,12228324,Walmart 7055,20-May-19,59.49,0,31-12-2018,2019,01-04-2019,Q2-19,29-04-2019,M05-19,20-05-2019,1108272,1108349,5339207,1098727,Shoes,02-01-2019,154,5,2,21,2019
CurrentWorkingView,1795638,12228324,Walmart 7077,20-May-19,59.49,0,31-12-2018,2019,01-04-2019,Q2-19,29-04-2019,M05-19,20-05-2019,1108272,1108349,5339207,1098727,Shoes,02-01-2019,68,5,2,21,2019
CurrentWorkingView,1097271,12228324,Walmart 6096,20-May-19,59.49,0,31-12-2018,2019,01-04-2019,Q2-19,29-04-2019,M05-19,20-05-2019,1108272,1108349,5339207,1098727,Shoes,02-01-2019,93,5,2,21,2019
CurrentWorkingView,1095155,12228324,Walmart 6055,20-May-19,59.49,0,31-12-2018,2019,01-04-2019,Q2-19,29-04-2019,M05-19,20-05-2019,1108272,1108349,5339207,1098727,Shoes,02-01-2019,151,5,2,21,2019
CurrentWorkingView,1084287,12228324,Walmart 7015,27-May-19,62.127144,0,31-12-2018,2019,01-04-2019,Q2-19,27-05-2019,M06-19,27-05-2019,1108272,1108349,5339207,1098727,Shoes,02-01-2019,154,5,2,22,2019
CurrentWorkingView,1087563,12228324,Walmart 6071,27-May-19,62.127144,0,31-12-2018,2019,01-04-2019,Q2-19,27-05-2019,M06-19,27-05-2019,1108272,1108349,5339207,1098727,Shoes,02-01-2019,124,5,2,22,2019
CurrentWorkingView,1089657,12228324,Walmart 6082,27-May-19,62.127144,0,31-12-2018,2019,01-04-2019,Q2-19,27-05-2019,M06-19,27-05-2019,1108272,1108349,5339207,1098727,Shoes,02-01-2019,80,5,2,22,2019
CurrentWorkingView,1097317,12228324,Walmart 6042,27-May-19,62.127144,0,31-12-2018,2019,01-04-2019,Q2-19,27-05-2019,M06-19,27-05-2019,1108272,1108349,5339207,1098727,Shoes,02-01-2019,65,5,2,22,2019
CurrentWorkingView,1098078,12228324,Walmart 6064,27-May-19,62.127144,0,31-12-2018,2019,01-04-2019,Q2-19,27-05-2019,M06-19,27-05-2019,1108272,1108349,5339207,1098727,Shoes,02-01-2019,80,5,2,22,2019
CurrentWorkingView,3637005,12228324,Walmart 7084,27-May-19,62.127144,0,31-12-2018,2019,01-04-2019,Q2-19,27-05-2019,M06-19,27-05-2019,1108272,1108349,5339207,1098727,Shoes,02-01-2019,54,5,2,22,2019
CurrentWorkingView,1086788,12228324,Walmart 7024,27-May-19,62.127144,0,31-12-2018,2019,01-04-2019,Q2-19,27-05-2019,M06-19,27-05-2019,1108272,1108349,5339207,1098727,Shoes,02-01-2018,68,5,2,22,2019
CurrentWorkingView,1087868,12228324,Walmart 6072,27-May-19,62.127144,0,31-12-2018,2019,01-04-2019,Q2-19,27-05-2019,M06-19,27-05-2019,1108272,1108349,5339207,1098727,Shoes,02-01-2019,65,5,2,22,2019
CurrentWorkingView,1092711,12228324,Walmart 6084,27-May-19,62.127144,0,31-12-2018,2019,01-04-2019,Q2-19,27-05-2019,M06-19,27-05-2019,1108272,1108349,5339207,1098727,Shoes,02-01-2019,68,5,2,22,2019
CurrentWorkingView,1094777,12228324,Walmart 6090,27-May-19,62.127144,0,31-12-2018,2019,01-04-2019,Q2-19,27-05-2019,M06-19,27-05-2019,1108272,1108349,5339207,1098727,Shoes,02-01-2018,68,5,2,22,2019
CurrentWorkingView,1097250,12228324,Walmart 6065,27-May-19,62.127144,0,31-12-2018,2019,01-04-2019,Q2-19,27-05-2019,M06-19,27-05-2019,1108272,1108349,5339207,1098727,Shoes,02-01-2019,151,5,2,22,2019
CurrentWorkingView,1098164,12228324,Walmart 6077,27-May-19,62.127144,0,31-12-2018,2019,01-04-2019,Q2-19,27-05-2019,M06-19,27-05-2019,1108272,1108349,5339207,1098727,Shoes,02-01-2019,154,5,2,22,2019
CurrentWorkingView,1306833,12228324,Walmart 7048,27-May-19,62.127144,0,31-12-2018,2019,01-04-2019,Q2-19,27-05-2019,M06-19,27-05-2019,1108272,1108349,5339207,1098727,Shoes,02-01-2019,19,5,2,22,2019
CurrentWorkingView,1094804,12228324,Walmart 6059,27-May-19,62.127144,0,31-12-2018,2019,01-04-2019,Q2-19,27-05-2019,M06-19,27-05-2019,1108272,1108349,5339207,1098727,Shoes,02-01-2019,151,5,2,22,2019
CurrentWorkingView,1105027,12228324,Walmart 7021,27-May-19,62.127144,0,31-12-2018,2019,01-04-2019,Q2-19,27-05-2019,M06-19,27-05-2019,1108272,1108349,5339207,1098727,Shoes,02-01-2019,36,5,2,22,2019
CurrentWorkingView,1087166,12228324,Walmart 6073,27-May-19,62.127144,0,31-12-2018,2019,01-04-2019,Q2-19,27-05-2019,M06-19,27-05-2019,1108272,1108349,5339207,1098727,Shoes,02-01-2019,52,5,2,22,2019
CurrentWorkingView,1097358,12228324,Walmart 6074,27-May-19,62.127144,0,31-12-2018,2019,01-04-2019,Q2-19,27-05-2019,M06-19,27-05-2019,1108272,1108349,5339207,1098727,Shoes,02-01-2019,71,5,2,22,2019
CurrentWorkingView,1101635,12228324,Walmart 7017,27-May-19,62.127144,0,31-12-2018,2019,01-04-2019,Q2-19,27-05-2019,M06-19,27-05-2019,1108272,1108349,5339207,1098727,Shoes,02-01-2019,135,5,2,22,2019
CurrentWorkingView,1779141,12228324,Walmart 7055,27-May-19,62.127144,0,31-12-2018,2019,01-04-2019,Q2-19,27-05-2019,M06-19,27-05-2019,1108272,1108349,5339207,1098727,Shoes,02-01-2019,154,5,2,22,2019
CurrentWorkingView,1795638,12228324,Walmart 7077,27-May-19,62.127144,0,31-12-2018,2019,01-04-2019,Q2-19,27-05-2019,M06-19,27-05-2019,1108272,1108349,5339207,1098727,Shoes,02-01-2019,68,5,2,22,2019
CurrentWorkingView,1097271,12228324,Walmart 6096,27-May-19,62.127144,0,31-12-2018,2019,01-04-2019,Q2-19,27-05-2019,M06-19,27-05-2019,1108272,1108349,5339207,1098727,Shoes,02-01-2019,93,5,2,22,2019
CurrentWorkingView,1095155,12228324,Walmart 6055,27-May-19,62.127144,0,31-12-2018,2019,01-04-2019,Q2-19,27-05-2019,M06-19,27-05-2019,1108272,1108349,5339207,1098727,Shoes,02-01-2019,151,5,2,22,2019
CurrentWorkingView,1084287,12228324,Walmart 7015,17-Dec-18,35.51,0,25-12-2017,2018,24-09-2018,Q4-18,26-11-2018,M12-18,17-12-2018,1108272,1108349,5339207,1098727,Shoes,02-01-2019,154,12,4,51,2018
CurrentWorkingView,1087563,12228324,Walmart 6071,17-Dec-18,35.51,0,25-12-2017,2018,24-09-2018,Q4-18,26-11-2018,M12-18,17-12-2018,1108272,1108349,5339207,1098727,Shoes,02-01-2019,124,12,4,51,2018
CurrentWorkingView,1089657,12228324,Walmart 6082,17-Dec-18,35.51,0,25-12-2017,2018,24-09-2018,Q4-18,26-11-2018,M12-18,17-12-2018,1108272,1108349,5339207,1098727,Shoes,02-01-2019,80,12,4,51,2018
CurrentWorkingView,1097317,12228324,Walmart 6042,17-Dec-18,35.51,0.42,25-12-2017,2018,24-09-2018,Q4-18,26-11-2018,M12-18,17-12-2018,1108272,1108349,5339207,1098727,Shoes,02-01-2019,65,12,4,51,2018
CurrentWorkingView,1101540,12228324,Walmart 7010,17-Dec-18,35.51,0,25-12-2017,2018,24-09-2018,Q4-18,26-11-2018,M12-18,17-12-2018,1108272,1108349,5339207,1098727,Shoes,02-01-2019,80,12,4,51,2018
CurrentWorkingView,1105028,12228324,Walmart 7019,17-Dec-18,35.51,0,25-12-2017,2018,24-09-2018,Q4-18,26-11-2018,M12-18,17-12-2018,1108272,1108349,5339207,1098727,Shoes,02-01-2019,80,12,4,51,2018
CurrentWorkingView,3637005,12228324,Walmart 7084,17-Dec-18,35.51,0,25-12-2017,2018,24-09-2018,Q4-18,26-11-2018,M12-18,17-12-2018,1108272,1108349,5339207,1098727,Shoes,02-01-2019,54,12,4,51,2018
CurrentWorkingView,1086788,12228324,Walmart 7024,17-Dec-18,35.51,0,25-12-2017,2018,24-09-2018,Q4-18,26-11-2018,M12-18,17-12-2018,1108272,1108349,5339207,1098727,Shoes,02-01-2018,68,12,4,51,2018
CurrentWorkingView,1087868,12228324,Walmart 6072,17-Dec-18,35.51,0,25-12-2017,2018,24-09-2018,Q4-18,26-11-2018,M12-18,17-12-2018,1108272,1108349,5339207,1098727,Shoes,02-01-2019,65,12,4,51,2018
CurrentWorkingView,1092711,12228324,Walmart 6084,17-Dec-18,35.51,0,25-12-2017,2018,24-09-2018,Q4-18,26-11-2018,M12-18,17-12-2018,1108272,1108349,5339207,1098727,Shoes,02-01-2019,68,12,4,51,2018
CurrentWorkingView,1094777,12228324,Walmart 6090,17-Dec-18,35.51,0.42,25-12-2017,2018,24-09-2018,Q4-18,26-11-2018,M12-18,17-12-2018,1108272,1108349,5339207,1098727,Shoes,02-01-2018,68,12,4,51,2018
CurrentWorkingView,1094820,12228324,Walmart 6085,17-Dec-18,35.51,0,25-12-2017,2018,24-09-2018,Q4-18,26-11-2018,M12-18,17-12-2018,1108272,1108349,5339207,1098727,Shoes,02-01-2019,154,12,4,51,2018
CurrentWorkingView,1097250,12228324,Walmart 6065,17-Dec-18,35.51,0,25-12-2017,2018,24-09-2018,Q4-18,26-11-2018,M12-18,17-12-2018,1108272,1108349,5339207,1098727,Shoes,02-01-2019,151,12,4,51,2018
CurrentWorkingView,1316773,12228324,Walmart 7030,17-Dec-18,35.51,0.42,25-12-2017,2018,24-09-2018,Q4-18,26-11-2018,M12-18,17-12-2018,1108272,1108349,5339207,1098727,Shoes,02-01-2019,68,12,4,51,2018
CurrentWorkingView,1097924,12228324,Walmart 6099,17-Dec-18,35.51,0,25-12-2017,2018,24-09-2018,Q4-18,26-11-2018,M12-18,17-12-2018,1108272,1108349,5339207,1098727,Shoes,02-01-2019,52,12,4,51,2018
CurrentWorkingView,1098162,12228324,Walmart 7012,17-Dec-18,35.51,0,25-12-2017,2018,24-09-2018,Q4-18,26-11-2018,M12-18,17-12-2018,1108272,1108349,5339207,1098727,Shoes,02-01-2019,52,12,4,51,2018
CurrentWorkingView,1098164,12228324,Walmart 6077,17-Dec-18,35.51,0,25-12-2017,2018,24-09-2018,Q4-18,26-11-2018,M12-18,17-12-2018,1108272,1108349,5339207,1098727,Shoes,02-01-2019,154,12,4,51,2018
CurrentWorkingView,1306833,12228324,Walmart 7048,17-Dec-18,35.51,0,25-12-2017,2018,24-09-2018,Q4-18,26-11-2018,M12-18,17-12-2018,1108272,1108349,5339207,1098727,Shoes,02-01-2019,19,12,4,51,2018
CurrentWorkingView,1089914,12228324,Walmart 6097,17-Dec-18,35.51,0.17,25-12-2017,2018,24-09-2018,Q4-18,26-11-2018,M12-18,17-12-2018,1108272,1108349,5339207,1098727,Shoes,02-01-2019,154,12,4,51,2018
CurrentWorkingView,1101634,12228324,Walmart 7016,17-Dec-18,35.51,0,25-12-2017,2018,24-09-2018,Q4-18,26-11-2018,M12-18,17-12-2018,1108272,1108349,5339207,1098727,Shoes,02-01-2019,80,12,4,51,2018
CurrentWorkingView,1105027,12228324,Walmart 7021,17-Dec-18,35.51,4.08,25-12-2017,2018,24-09-2018,Q4-18,26-11-2018,M12-18,17-12-2018,1108272,1108349,5339207,1098727,Shoes,02-01-2019,36,12,4,51,2018
CurrentWorkingView,1087166,12228324,Walmart 6073,17-Dec-18,35.51,0,25-12-2017,2018,24-09-2018,Q4-18,26-11-2018,M12-18,17-12-2018,1108272,1108349,5339207,1098727,Shoes,02-01-2019,52,12,4,51,2018
CurrentWorkingView,1097133,12228324,Walmart 6057,17-Dec-18,35.51,0,25-12-2017,2018,24-09-2018,Q4-18,26-11-2018,M12-18,17-12-2018,1108272,1108349,5339207,1098727,Shoes,02-01-2019,65,12,4,51,2018
CurrentWorkingView,1097358,12228324,Walmart 6074,17-Dec-18,35.51,0,25-12-2017,2018,24-09-2018,Q4-18,26-11-2018,M12-18,17-12-2018,1108272,1108349,5339207,1098727,Shoes,02-01-2019,71,12,4,51,2018
CurrentWorkingView,1101635,12228324,Walmart 7017,17-Dec-18,35.51,0,25-12-2017,2018,24-09-2018,Q4-18,26-11-2018,M12-18,17-12-2018,1108272,1108349,5339207,1098727,Shoes,02-01-2019,135,12,4,51,2018
CurrentWorkingView,1779141,12228324,Walmart 7055,17-Dec-18,35.51,0,25-12-2017,2018,24-09-2018,Q4-18,26-11-2018,M12-18,17-12-2018,1108272,1108349,5339207,1098727,Shoes,02-01-2019,154,12,4,51,2018
CurrentWorkingView,1795638,12228324,Walmart 7077,17-Dec-18,35.51,0,25-12-2017,2018,24-09-2018,Q4-18,26-11-2018,M12-18,17-12-2018,1108272,1108349,5339207,1098727,Shoes,02-01-2019,68,12,4,51,2018
CurrentWorkingView,1084344,12228324,Walmart 7014,17-Dec-18,35.51,0,25-12-2017,2018,24-09-2018,Q4-18,26-11-2018,M12-18,17-12-2018,1108272,1108349,5339207,1098727,Shoes,02-01-2019,68,12,4,51,2018
CurrentWorkingView,1094734,12228324,Walmart 6095,17-Dec-18,35.51,0,25-12-2017,2018,24-09-2018,Q4-18,26-11-2018,M12-18,17-12-2018,1108272,1108349,5339207,1098727,Shoes,02-01-2019,52,12,4,51,2018
CurrentWorkingView,1097271,12228324,Walmart 6096,17-Dec-18,35.51,0,25-12-2017,2018,24-09-2018,Q4-18,26-11-2018,M12-18,17-12-2018,1108272,1108349,5339207,1098727,Shoes,02-01-2019,93,12,4,51,2018
CurrentWorkingView,5168808,12228324,Walmart 6858,17-Dec-18,35.51,0,25-12-2017,2018,24-09-2018,Q4-18,26-11-2018,M12-18,17-12-2018,1108272,1108349,5339207,1098727,Shoes,02-01-2018,68,12,4,51,2018
CurrentWorkingView,1090022,12228324,Walmart 6083,17-Dec-18,35.51,0,25-12-2017,2018,24-09-2018,Q4-18,26-11-2018,M12-18,17-12-2018,1108272,1108349,5339207,1098727,Shoes,02-01-2019,80,12,4,51,2018
CurrentWorkingView,1090231,12228324,Walmart 6047,17-Dec-18,35.51,0,25-12-2017,2018,24-09-2018,Q4-18,26-11-2018,M12-18,17-12-2018,1108272,1108349,5339207,1098727,Shoes,02-01-2019,154,12,4,51,2018
CurrentWorkingView,1095155,12228324,Walmart 6055,17-Dec-18,35.51,0,25-12-2017,2018,24-09-2018,Q4-18,26-11-2018,M12-18,17-12-2018,1108272,1108349,5339207,1098727,Shoes,02-01-2019,151,12,4,51,2018
CurrentWorkingView,1098163,12228324,Walmart 6091,17-Dec-18,35.51,0,25-12-2017,2018,24-09-2018,Q4-18,26-11-2018,M12-18,17-12-2018,1108272,1108349,5339207,1098727,Shoes,02-01-2019,197,12,4,51,2018
CurrentWorkingView,1101636,12228324,Walmart 7013,17-Dec-18,35.51,0,25-12-2017,2018,24-09-2018,Q4-18,26-11-2018,M12-18,17-12-2018,1108272,1108349,5339207,1098727,Shoes,02-01-2019,187,12,4,51,2018
CurrentWorkingView,1084287,12228324,Walmart 7015,24-Dec-18,35.51,0,25-12-2017,2018,24-09-2018,Q4-18,26-11-2018,M12-18,24-12-2018,1108272,1108349,5339207,1098727,Shoes,02-01-2019,154,12,4,52,2018
CurrentWorkingView,1087563,12228324,Walmart 6071,24-Dec-18,35.51,0,25-12-2017,2018,24-09-2018,Q4-18,26-11-2018,M12-18,24-12-2018,1108272,1108349,5339207,1098727,Shoes,02-01-2019,124,12,4,52,2018
CurrentWorkingView,1089657,12228324,Walmart 6082,24-Dec-18,35.51,0,25-12-2017,2018,24-09-2018,Q4-18,26-11-2018,M12-18,24-12-2018,1108272,1108349,5339207,1098727,Shoes,02-01-2019,80,12,4,52,2018
CurrentWorkingView,1097317,12228324,Walmart 6042,24-Dec-18,35.51,0.33,25-12-2017,2018,24-09-2018,Q4-18,26-11-2018,M12-18,24-12-2018,1108272,1108349,5339207,1098727,Shoes,02-01-2019,65,12,4,52,2018
CurrentWorkingView,1101540,12228324,Walmart 7010,24-Dec-18,35.51,0,25-12-2017,2018,24-09-2018,Q4-18,26-11-2018,M12-18,24-12-2018,1108272,1108349,5339207,1098727,Shoes,02-01-2019,80,12,4,52,2018
CurrentWorkingView,1105028,12228324,Walmart 7019,24-Dec-18,35.51,0,25-12-2017,2018,24-09-2018,Q4-18,26-11-2018,M12-18,24-12-2018,1108272,1108349,5339207,1098727,Shoes,02-01-2019,80,12,4,52,2018
CurrentWorkingView,3637005,12228324,Walmart 7084,24-Dec-18,35.51,0.5,25-12-2017,2018,24-09-2018,Q4-18,26-11-2018,M12-18,24-12-2018,1108272,1108349,5339207,1098727,Shoes,02-01-2019,54,12,4,52,2018
CurrentWorkingView,1086788,12228324,Walmart 7024,24-Dec-18,35.51,0,25-12-2017,2018,24-09-2018,Q4-18,26-11-2018,M12-18,24-12-2018,1108272,1108349,5339207,1098727,Shoes,02-01-2018,68,12,4,52,2018
CurrentWorkingView,1087868,12228324,Walmart 6072,24-Dec-18,35.51,0,25-12-2017,2018,24-09-2018,Q4-18,26-11-2018,M12-18,24-12-2018,1108272,1108349,5339207,1098727,Shoes,02-01-2019,65,12,4,52,2018
CurrentWorkingView,1092711,12228324,Walmart 6084,24-Dec-18,35.51,0,25-12-2017,2018,24-09-2018,Q4-18,26-11-2018,M12-18,24-12-2018,1108272,1108349,5339207,1098727,Shoes,02-01-2019,68,12,4,52,2018
CurrentWorkingView,1094777,12228324,Walmart 6090,24-Dec-18,35.51,0.5,25-12-2017,2018,24-09-2018,Q4-18,26-11-2018,M12-18,24-12-2018,1108272,1108349,5339207,1098727,Shoes,02-01-2018,68,12,4,52,2018
CurrentWorkingView,1094820,12228324,Walmart 6085,24-Dec-18,35.51,0,25-12-2017,2018,24-09-2018,Q4-18,26-11-2018,M12-18,24-12-2018,1108272,1108349,5339207,1098727,Shoes,02-01-2019,154,12,4,52,2018
CurrentWorkingView,1097250,12228324,Walmart 6065,24-Dec-18,35.51,0,25-12-2017,2018,24-09-2018,Q4-18,26-11-2018,M12-18,24-12-2018,1108272,1108349,5339207,1098727,Shoes,02-01-2019,151,12,4,52,2018
CurrentWorkingView,1316773,12228324,Walmart 7030,24-Dec-18,35.51,0,25-12-2017,2018,24-09-2018,Q4-18,26-11-2018,M12-18,24-12-2018,1108272,1108349,5339207,1098727,Shoes,02-01-2019,68,12,4,52,2018
CurrentWorkingView,1097924,12228324,Walmart 6099,24-Dec-18,35.51,0,25-12-2017,2018,24-09-2018,Q4-18,26-11-2018,M12-18,24-12-2018,1108272,1108349,5339207,1098727,Shoes,02-01-2019,52,12,4,52,2018
CurrentWorkingView,1098162,12228324,Walmart 7012,24-Dec-18,35.51,0,25-12-2017,2018,24-09-2018,Q4-18,26-11-2018,M12-18,24-12-2018,1108272,1108349,5339207,1098727,Shoes,02-01-2019,52,12,4,52,2018
CurrentWorkingView,1098164,12228324,Walmart 6077,24-Dec-18,35.51,0,25-12-2017,2018,24-09-2018,Q4-18,26-11-2018,M12-18,24-12-2018,1108272,1108349,5339207,1098727,Shoes,02-01-2019,154,12,4,52,2018
CurrentWorkingView,1306833,12228324,Walmart 7048,24-Dec-18,35.51,0.5,25-12-2017,2018,24-09-2018,Q4-18,26-11-2018,M12-18,24-12-2018,1108272,1108349,5339207,1098727,Shoes,02-01-2019,19,12,4,52,2018
CurrentWorkingView,1089914,12228324,Walmart 6097,24-Dec-18,35.51,0,25-12-2017,2018,24-09-2018,Q4-18,26-11-2018,M12-18,24-12-2018,1108272,1108349,5339207,1098727,Shoes,02-01-2019,154,12,4,52,2018
CurrentWorkingView,1101634,12228324,Walmart 7016,24-Dec-18,35.51,0.08,25-12-2017,2018,24-09-2018,Q4-18,26-11-2018,M12-18,24-12-2018,1108272,1108349,5339207,1098727,Shoes,02-01-2019,80,12,4,52,2018
CurrentWorkingView,1105027,12228324,Walmart 7021,24-Dec-18,35.51,3.83,25-12-2017,2018,24-09-2018,Q4-18,26-11-2018,M12-18,24-12-2018,1108272,1108349,5339207,1098727,Shoes,02-01-2019,36,12,4,52,2018
CurrentWorkingView,1087166,12228324,Walmart 6073,24-Dec-18,35.51,0,25-12-2017,2018,24-09-2018,Q4-18,26-11-2018,M12-18,24-12-2018,1108272,1108349,5339207,1098727,Shoes,02-01-2019,52,12,4,52,2018
CurrentWorkingView,1097133,12228324,Walmart 6057,24-Dec-18,35.51,0,25-12-2017,2018,24-09-2018,Q4-18,26-11-2018,M12-18,24-12-2018,1108272,1108349,5339207,1098727,Shoes,02-01-2019,65,12,4,52,2018
CurrentWorkingView,1097358,12228324,Walmart 6074,24-Dec-18,35.51,0,25-12-2017,2018,24-09-2018,Q4-18,26-11-2018,M12-18,24-12-2018,1108272,1108349,5339207,1098727,Shoes,02-01-2019,71,12,4,52,2018
CurrentWorkingView,1101635,12228324,Walmart 7017,24-Dec-18,35.51,0,25-12-2017,2018,24-09-2018,Q4-18,26-11-2018,M12-18,24-12-2018,1108272,1108349,5339207,1098727,Shoes,02-01-2019,135,12,4,52,2018
CurrentWorkingView,1779141,12228324,Walmart 7055,24-Dec-18,35.51,0,25-12-2017,2018,24-09-2018,Q4-18,26-11-2018,M12-18,24-12-2018,1108272,1108349,5339207,1098727,Shoes,02-01-2019,154,12,4,52,2018
CurrentWorkingView,1795638,12228324,Walmart 7077,24-Dec-18,35.51,0,25-12-2017,2018,24-09-2018,Q4-18,26-11-2018,M12-18,24-12-2018,1108272,1108349,5339207,1098727,Shoes,02-01-2019,68,12,4,52,2018
CurrentWorkingView,1084344,12228324,Walmart 7014,24-Dec-18,35.51,0,25-12-2017,2018,24-09-2018,Q4-18,26-11-2018,M12-18,24-12-2018,1108272,1108349,5339207,1098727,Shoes,02-01-2019,68,12,4,52,2018
CurrentWorkingView,1094734,12228324,Walmart 6095,24-Dec-18,35.51,0,25-12-2017,2018,24-09-2018,Q4-18,26-11-2018,M12-18,24-12-2018,1108272,1108349,5339207,1098727,Shoes,02-01-2019,52,12,4,52,2018
CurrentWorkingView,1097271,12228324,Walmart 6096,24-Dec-18,35.51,0,25-12-2017,2018,24-09-2018,Q4-18,26-11-2018,M12-18,24-12-2018,1108272,1108349,5339207,1098727,Shoes,02-01-2019,93,12,4,52,2018
CurrentWorkingView,5168808,12228324,Walmart 6858,24-Dec-18,35.51,0,25-12-2017,2018,24-09-2018,Q4-18,26-11-2018,M12-18,24-12-2018,1108272,1108349,5339207,1098727,Shoes,02-01-2018,68,12,4,52,2018
CurrentWorkingView,1090022,12228324,Walmart 6083,24-Dec-18,35.51,0,25-12-2017,2018,24-09-2018,Q4-18,26-11-2018,M12-18,24-12-2018,1108272,1108349,5339207,1098727,Shoes,02-01-2019,80,12,4,52,2018
CurrentWorkingView,1090231,12228324,Walmart 6047,24-Dec-18,35.51,0,25-12-2017,2018,24-09-2018,Q4-18,26-11-2018,M12-18,24-12-2018,1108272,1108349,5339207,1098727,Shoes,02-01-2019,154,12,4,52,2018
CurrentWorkingView,1095155,12228324,Walmart 6055,24-Dec-18,35.51,0,25-12-2017,2018,24-09-2018,Q4-18,26-11-2018,M12-18,24-12-2018,1108272,1108349,5339207,1098727,Shoes,02-01-2019,151,12,4,52,2018
CurrentWorkingView,1098163,12228324,Walmart 6091,24-Dec-18,35.51,0,25-12-2017,2018,24-09-2018,Q4-18,26-11-2018,M12-18,24-12-2018,1108272,1108349,5339207,1098727,Shoes,02-01-2019,197,12,4,52,2018
CurrentWorkingView,1101636,12228324,Walmart 7013,24-Dec-18,35.51,0,25-12-2017,2018,24-09-2018,Q4-18,26-11-2018,M12-18,24-12-2018,1108272,1108349,5339207,1098727,Shoes,02-01-2019,187,12,4,52,2018
CurrentWorkingView,1084287,12228324,Walmart 7015,31-Dec-18,32.98143,0,31-12-2018,2019,31-12-2018,Q1-19,31-12-2018,M01-19,31-12-2018,1108272,1108349,5339207,1098727,Shoes,02-01-2019,154,12,4,1,2018
CurrentWorkingView,1087563,12228324,Walmart 6071,31-Dec-18,32.98143,0,31-12-2018,2019,31-12-2018,Q1-19,31-12-2018,M01-19,31-12-2018,1108272,1108349,5339207,1098727,Shoes,02-01-2019,124,12,4,1,2018
CurrentWorkingView,1089657,12228324,Walmart 6082,31-Dec-18,32.98143,0,31-12-2018,2019,31-12-2018,Q1-19,31-12-2018,M01-19,31-12-2018,1108272,1108349,5339207,1098727,Shoes,02-01-2019,80,12,4,1,2018
CurrentWorkingView,1097317,12228324,Walmart 6042,31-Dec-18,32.98143,0.58,31-12-2018,2019,31-12-2018,Q1-19,31-12-2018,M01-19,31-12-2018,1108272,1108349,5339207,1098727,Shoes,02-01-2019,65,12,4,1,2018
CurrentWorkingView,1101540,12228324,Walmart 7010,31-Dec-18,32.98143,0,31-12-2018,2019,31-12-2018,Q1-19,31-12-2018,M01-19,31-12-2018,1108272,1108349,5339207,1098727,Shoes,02-01-2019,80,12,4,1,2018
CurrentWorkingView,1105028,12228324,Walmart 7019,31-Dec-18,32.98143,0,31-12-2018,2019,31-12-2018,Q1-19,31-12-2018,M01-19,31-12-2018,1108272,1108349,5339207,1098727,Shoes,02-01-2019,80,12,4,1,2018
CurrentWorkingView,3637005,12228324,Walmart 7084,31-Dec-18,32.98143,0,31-12-2018,2019,31-12-2018,Q1-19,31-12-2018,M01-19,31-12-2018,1108272,1108349,5339207,1098727,Shoes,02-01-2019,54,12,4,1,2018
CurrentWorkingView,1086788,12228324,Walmart 7024,31-Dec-18,32.98143,0,31-12-2018,2019,31-12-2018,Q1-19,31-12-2018,M01-19,31-12-2018,1108272,1108349,5339207,1098727,Shoes,02-01-2018,68,12,4,1,2018
CurrentWorkingView,1087868,12228324,Walmart 6072,31-Dec-18,32.98143,0,31-12-2018,2019,31-12-2018,Q1-19,31-12-2018,M01-19,31-12-2018,1108272,1108349,5339207,1098727,Shoes,02-01-2019,65,12,4,1,2018
CurrentWorkingView,1092711,12228324,Walmart 6084,31-Dec-18,32.98143,0,31-12-2018,2019,31-12-2018,Q1-19,31-12-2018,M01-19,31-12-2018,1108272,1108349,5339207,1098727,Shoes,02-01-2019,68,12,4,1,2018
CurrentWorkingView,1094777,12228324,Walmart 6090,31-Dec-18,32.98143,0.25,31-12-2018,2019,31-12-2018,Q1-19,31-12-2018,M01-19,31-12-2018,1108272,1108349,5339207,1098727,Shoes,02-01-2018,68,12,4,1,2018
CurrentWorkingView,1094820,12228324,Walmart 6085,31-Dec-18,32.98143,0,31-12-2018,2019,31-12-2018,Q1-19,31-12-2018,M01-19,31-12-2018,1108272,1108349,5339207,1098727,Shoes,02-01-2019,154,12,4,1,2018
CurrentWorkingView,1097250,12228324,Walmart 6065,31-Dec-18,32.98143,0,31-12-2018,2019,31-12-2018,Q1-19,31-12-2018,M01-19,31-12-2018,1108272,1108349,5339207,1098727,Shoes,02-01-2019,151,12,4,1,2018
CurrentWorkingView,1316773,12228324,Walmart 7030,31-Dec-18,32.98143,0,31-12-2018,2019,31-12-2018,Q1-19,31-12-2018,M01-19,31-12-2018,1108272,1108349,5339207,1098727,Shoes,02-01-2019,68,12,4,1,2018
CurrentWorkingView,1097924,12228324,Walmart 6099,31-Dec-18,32.98143,0,31-12-2018,2019,31-12-2018,Q1-19,31-12-2018,M01-19,31-12-2018,1108272,1108349,5339207,1098727,Shoes,02-01-2019,52,12,4,1,2018
CurrentWorkingView,1098162,12228324,Walmart 7012,31-Dec-18,32.98143,0.17,31-12-2018,2019,31-12-2018,Q1-19,31-12-2018,M01-19,31-12-2018,1108272,1108349,5339207,1098727,Shoes,02-01-2019,52,12,4,1,2018
CurrentWorkingView,1098164,12228324,Walmart 6077,31-Dec-18,32.98143,0,31-12-2018,2019,31-12-2018,Q1-19,31-12-2018,M01-19,31-12-2018,1108272,1108349,5339207,1098727,Shoes,02-01-2019,154,12,4,1,2018
CurrentWorkingView,1306833,12228324,Walmart 7048,31-Dec-18,32.98143,0,31-12-2018,2019,31-12-2018,Q1-19,31-12-2018,M01-19,31-12-2018,1108272,1108349,5339207,1098727,Shoes,02-01-2019,19,12,4,1,2018
CurrentWorkingView,1089914,12228324,Walmart 6097,31-Dec-18,32.98143,0,31-12-2018,2019,31-12-2018,Q1-19,31-12-2018,M01-19,31-12-2018,1108272,1108349,5339207,1098727,Shoes,02-01-2019,154,12,4,1,2018
CurrentWorkingView,1101634,12228324,Walmart 7016,31-Dec-18,32.98143,0,31-12-2018,2019,31-12-2018,Q1-19,31-12-2018,M01-19,31-12-2018,1108272,1108349,5339207,1098727,Shoes,02-01-2019,80,12,4,1,2018
CurrentWorkingView,1105027,12228324,Walmart 7021,31-Dec-18,32.98143,3.5,31-12-2018,2019,31-12-2018,Q1-19,31-12-2018,M01-19,31-12-2018,1108272,1108349,5339207,1098727,Shoes,02-01-2019,36,12,4,1,2018
CurrentWorkingView,1087166,12228324,Walmart 6073,31-Dec-18,32.98143,0,31-12-2018,2019,31-12-2018,Q1-19,31-12-2018,M01-19,31-12-2018,1108272,1108349,5339207,1098727,Shoes,02-01-2019,52,12,4,1,2018
CurrentWorkingView,1097133,12228324,Walmart 6057,31-Dec-18,32.98143,0,31-12-2018,2019,31-12-2018,Q1-19,31-12-2018,M01-19,31-12-2018,1108272,1108349,5339207,1098727,Shoes,02-01-2019,65,12,4,1,2018
CurrentWorkingView,1097358,12228324,Walmart 6074,31-Dec-18,32.98143,0,31-12-2018,2019,31-12-2018,Q1-19,31-12-2018,M01-19,31-12-2018,1108272,1108349,5339207,1098727,Shoes,02-01-2019,71,12,4,1,2018
CurrentWorkingView,1101635,12228324,Walmart 7017,31-Dec-18,32.98143,0,31-12-2018,2019,31-12-2018,Q1-19,31-12-2018,M01-19,31-12-2018,1108272,1108349,5339207,1098727,Shoes,02-01-2019,135,12,4,1,2018
CurrentWorkingView,1779141,12228324,Walmart 7055,31-Dec-18,32.98143,0,31-12-2018,2019,31-12-2018,Q1-19,31-12-2018,M01-19,31-12-2018,1108272,1108349,5339207,1098727,Shoes,02-01-2019,154,12,4,1,2018
CurrentWorkingView,1795638,12228324,Walmart 7077,31-Dec-18,32.98143,0,31-12-2018,2019,31-12-2018,Q1-19,31-12-2018,M01-19,31-12-2018,1108272,1108349,5339207,1098727,Shoes,02-01-2019,68,12,4,1,2018
CurrentWorkingView,1084344,12228324,Walmart 7014,31-Dec-18,32.98143,0,31-12-2018,2019,31-12-2018,Q1-19,31-12-2018,M01-19,31-12-2018,1108272,1108349,5339207,1098727,Shoes,02-01-2019,68,12,4,1,2018
CurrentWorkingView,1094734,12228324,Walmart 6095,31-Dec-18,32.98143,0,31-12-2018,2019,31-12-2018,Q1-19,31-12-2018,M01-19,31-12-2018,1108272,1108349,5339207,1098727,Shoes,02-01-2019,52,12,4,1,2018
CurrentWorkingView,1097271,12228324,Walmart 6096,31-Dec-18,32.98143,2.25,31-12-2018,2019,31-12-2018,Q1-19,31-12-2018,M01-19,31-12-2018,1108272,1108349,5339207,1098727,Shoes,02-01-2019,93,12,4,1,2018
CurrentWorkingView,5168808,12228324,Walmart 6858,31-Dec-18,32.98143,0,31-12-2018,2019,31-12-2018,Q1-19,31-12-2018,M01-19,31-12-2018,1108272,1108349,5339207,1098727,Shoes,02-01-2018,68,12,4,1,2018
CurrentWorkingView,1090022,12228324,Walmart 6083,31-Dec-18,32.98143,0,31-12-2018,2019,31-12-2018,Q1-19,31-12-2018,M01-19,31-12-2018,1108272,1108349,5339207,1098727,Shoes,02-01-2019,80,12,4,1,2018
CurrentWorkingView,1090231,12228324,Walmart 6047,31-Dec-18,32.98143,0,31-12-2018,2019,31-12-2018,Q1-19,31-12-2018,M01-19,31-12-2018,1108272,1108349,5339207,1098727,Shoes,02-01-2019,154,12,4,1,2018
CurrentWorkingView,1095155,12228324,Walmart 6055,31-Dec-18,32.98143,0,31-12-2018,2019,31-12-2018,Q1-19,31-12-2018,M01-19,31-12-2018,1108272,1108349,5339207,1098727,Shoes,02-01-2019,151,12,4,1,2018
CurrentWorkingView,1098163,12228324,Walmart 6091,31-Dec-18,32.98143,0,31-12-2018,2019,31-12-2018,Q1-19,31-12-2018,M01-19,31-12-2018,1108272,1108349,5339207,1098727,Shoes,02-01-2019,197,12,4,1,2018
CurrentWorkingView,1101636,12228324,Walmart 7013,31-Dec-18,32.98143,0,31-12-2018,2019,31-12-2018,Q1-19,31-12-2018,M01-19,31-12-2018,1108272,1108349,5339207,1098727,Shoes,02-01-2019,187,12,4,1,2018
CurrentWorkingView,1084287,12228324,Walmart 7015,07-Jan-19,32.56,0,31-12-2018,2019,31-12-2018,Q1-19,31-12-2018,M01-19,07-01-2019,1108272,1108349,5339207,1098727,Shoes,02-01-2019,154,1,1,2,2019
CurrentWorkingView,1087563,12228324,Walmart 6071,07-Jan-19,32.56,0,31-12-2018,2019,31-12-2018,Q1-19,31-12-2018,M01-19,07-01-2019,1108272,1108349,5339207,1098727,Shoes,02-01-2019,124,1,1,2,2019
CurrentWorkingView,1089657,12228324,Walmart 6082,07-Jan-19,32.56,0,31-12-2018,2019,31-12-2018,Q1-19,31-12-2018,M01-19,07-01-2019,1108272,1108349,5339207,1098727,Shoes,02-01-2019,80,1,1,2,2019
CurrentWorkingView,1097317,12228324,Walmart 6042,07-Jan-19,32.56,0,31-12-2018,2019,31-12-2018,Q1-19,31-12-2018,M01-19,07-01-2019,1108272,1108349,5339207,1098727,Shoes,02-01-2019,65,1,1,2,2019
CurrentWorkingView,1101540,12228324,Walmart 7010,07-Jan-19,32.56,0,31-12-2018,2019,31-12-2018,Q1-19,31-12-2018,M01-19,07-01-2019,1108272,1108349,5339207,1098727,Shoes,02-01-2019,80,1,1,2,2019
CurrentWorkingView,1105028,12228324,Walmart 7019,07-Jan-19,32.56,0,31-12-2018,2019,31-12-2018,Q1-19,31-12-2018,M01-19,07-01-2019,1108272,1108349,5339207,1098727,Shoes,02-01-2019,80,1,1,2,2019
CurrentWorkingView,3637005,12228324,Walmart 7084,07-Jan-19,32.56,0,31-12-2018,2019,31-12-2018,Q1-19,31-12-2018,M01-19,07-01-2019,1108272,1108349,5339207,1098727,Shoes,02-01-2019,54,1,1,2,2019
CurrentWorkingView,1086788,12228324,Walmart 7024,07-Jan-19,32.56,0,31-12-2018,2019,31-12-2018,Q1-19,31-12-2018,M01-19,07-01-2019,1108272,1108349,5339207,1098727,Shoes,02-01-2018,68,1,1,2,2019
CurrentWorkingView,1087868,12228324,Walmart 6072,07-Jan-19,32.56,0,31-12-2018,2019,31-12-2018,Q1-19,31-12-2018,M01-19,07-01-2019,1108272,1108349,5339207,1098727,Shoes,02-01-2019,65,1,1,2,2019
CurrentWorkingView,1092711,12228324,Walmart 6084,07-Jan-19,32.56,0,31-12-2018,2019,31-12-2018,Q1-19,31-12-2018,M01-19,07-01-2019,1108272,1108349,5339207,1098727,Shoes,02-01-2019,68,1,1,2,2019
CurrentWorkingView,1094777,12228324,Walmart 6090,07-Jan-19,32.56,0,31-12-2018,2019,31-12-2018,Q1-19,31-12-2018,M01-19,07-01-2019,1108272,1108349,5339207,1098727,Shoes,02-01-2018,68,1,1,2,2019
CurrentWorkingView,1094820,12228324,Walmart 6085,07-Jan-19,32.56,0,31-12-2018,2019,31-12-2018,Q1-19,31-12-2018,M01-19,07-01-2019,1108272,1108349,5339207,1098727,Shoes,02-01-2019,154,1,1,2,2019
CurrentWorkingView,1097250,12228324,Walmart 6065,07-Jan-19,32.56,0,31-12-2018,2019,31-12-2018,Q1-19,31-12-2018,M01-19,07-01-2019,1108272,1108349,5339207,1098727,Shoes,02-01-2019,151,1,1,2,2019
CurrentWorkingView,1316773,12228324,Walmart 7030,07-Jan-19,32.56,0,31-12-2018,2019,31-12-2018,Q1-19,31-12-2018,M01-19,07-01-2019,1108272,1108349,5339207,1098727,Shoes,02-01-2019,68,1,1,2,2019
CurrentWorkingView,1097924,12228324,Walmart 6099,07-Jan-19,32.56,0,31-12-2018,2019,31-12-2018,Q1-19,31-12-2018,M01-19,07-01-2019,1108272,1108349,5339207,1098727,Shoes,02-01-2019,52,1,1,2,2019
CurrentWorkingView,1098162,12228324,Walmart 7012,07-Jan-19,32.56,0,31-12-2018,2019,31-12-2018,Q1-19,31-12-2018,M01-19,07-01-2019,1108272,1108349,5339207,1098727,Shoes,02-01-2019,52,1,1,2,2019
CurrentWorkingView,1098164,12228324,Walmart 6077,07-Jan-19,32.56,0,31-12-2018,2019,31-12-2018,Q1-19,31-12-2018,M01-19,07-01-2019,1108272,1108349,5339207,1098727,Shoes,02-01-2019,154,1,1,2,2019
CurrentWorkingView,1306833,12228324,Walmart 7048,07-Jan-19,32.56,0,31-12-2018,2019,31-12-2018,Q1-19,31-12-2018,M01-19,07-01-2019,1108272,1108349,5339207,1098727,Shoes,02-01-2019,19,1,1,2,2019
CurrentWorkingView,1089914,12228324,Walmart 6097,07-Jan-19,32.56,0,31-12-2018,2019,31-12-2018,Q1-19,31-12-2018,M01-19,07-01-2019,1108272,1108349,5339207,1098727,Shoes,02-01-2019,154,1,1,2,2019
CurrentWorkingView,1101634,12228324,Walmart 7016,07-Jan-19,32.56,0,31-12-2018,2019,31-12-2018,Q1-19,31-12-2018,M01-19,07-01-2019,1108272,1108349,5339207,1098727,Shoes,02-01-2019,80,1,1,2,2019
CurrentWorkingView,1105027,12228324,Walmart 7021,07-Jan-19,32.56,0,31-12-2018,2019,31-12-2018,Q1-19,31-12-2018,M01-19,07-01-2019,1108272,1108349,5339207,1098727,Shoes,02-01-2019,36,1,1,2,2019
CurrentWorkingView,1087166,12228324,Walmart 6073,07-Jan-19,32.56,0,31-12-2018,2019,31-12-2018,Q1-19,31-12-2018,M01-19,07-01-2019,1108272,1108349,5339207,1098727,Shoes,02-01-2019,52,1,1,2,2019
CurrentWorkingView,1097133,12228324,Walmart 6057,07-Jan-19,32.56,0,31-12-2018,2019,31-12-2018,Q1-19,31-12-2018,M01-19,07-01-2019,1108272,1108349,5339207,1098727,Shoes,02-01-2019,65,1,1,2,2019
CurrentWorkingView,1097358,12228324,Walmart 6074,07-Jan-19,32.56,0,31-12-2018,2019,31-12-2018,Q1-19,31-12-2018,M01-19,07-01-2019,1108272,1108349,5339207,1098727,Shoes,02-01-2019,71,1,1,2,2019
CurrentWorkingView,1101635,12228324,Walmart 7017,07-Jan-19,32.56,0,31-12-2018,2019,31-12-2018,Q1-19,31-12-2018,M01-19,07-01-2019,1108272,1108349,5339207,1098727,Shoes,02-01-2019,135,1,1,2,2019
CurrentWorkingView,1779141,12228324,Walmart 7055,07-Jan-19,32.56,0,31-12-2018,2019,31-12-2018,Q1-19,31-12-2018,M01-19,07-01-2019,1108272,1108349,5339207,1098727,Shoes,02-01-2019,154,1,1,2,2019
CurrentWorkingView,1795638,12228324,Walmart 7077,07-Jan-19,32.56,0,31-12-2018,2019,31-12-2018,Q1-19,31-12-2018,M01-19,07-01-2019,1108272,1108349,5339207,1098727,Shoes,02-01-2019,68,1,1,2,2019
CurrentWorkingView,1084344,12228324,Walmart 7014,07-Jan-19,32.56,0,31-12-2018,2019,31-12-2018,Q1-19,31-12-2018,M01-19,07-01-2019,1108272,1108349,5339207,1098727,Shoes,02-01-2019,68,1,1,2,2019
CurrentWorkingView,1094734,12228324,Walmart 6095,07-Jan-19,32.56,0,31-12-2018,2019,31-12-2018,Q1-19,31-12-2018,M01-19,07-01-2019,1108272,1108349,5339207,1098727,Shoes,02-01-2019,52,1,1,2,2019
CurrentWorkingView,1097271,12228324,Walmart 6096,07-Jan-19,32.56,0,31-12-2018,2019,31-12-2018,Q1-19,31-12-2018,M01-19,07-01-2019,1108272,1108349,5339207,1098727,Shoes,02-01-2019,93,1,1,2,2019
CurrentWorkingView,5168808,12228324,Walmart 6858,07-Jan-19,32.56,0,31-12-2018,2019,31-12-2018,Q1-19,31-12-2018,M01-19,07-01-2019,1108272,1108349,5339207,1098727,Shoes,02-01-2018,68,1,1,2,2019
CurrentWorkingView,1090022,12228324,Walmart 6083,07-Jan-19,32.56,0,31-12-2018,2019,31-12-2018,Q1-19,31-12-2018,M01-19,07-01-2019,1108272,1108349,5339207,1098727,Shoes,02-01-2019,80,1,1,2,2019
CurrentWorkingView,1090231,12228324,Walmart 6047,07-Jan-19,32.56,0,31-12-2018,2019,31-12-2018,Q1-19,31-12-2018,M01-19,07-01-2019,1108272,1108349,5339207,1098727,Shoes,02-01-2019,154,1,1,2,2019
CurrentWorkingView,1095155,12228324,Walmart 6055,07-Jan-19,32.56,0,31-12-2018,2019,31-12-2018,Q1-19,31-12-2018,M01-19,07-01-2019,1108272,1108349,5339207,1098727,Shoes,02-01-2019,151,1,1,2,2019
CurrentWorkingView,1098163,12228324,Walmart 6091,07-Jan-19,32.56,0,31-12-2018,2019,31-12-2018,Q1-19,31-12-2018,M01-19,07-01-2019,1108272,1108349,5339207,1098727,Shoes,02-01-2019,197,1,1,2,2019
CurrentWorkingView,1101636,12228324,Walmart 7013,07-Jan-19,32.56,0,31-12-2018,2019,31-12-2018,Q1-19,31-12-2018,M01-19,07-01-2019,1108272,1108349,5339207,1098727,Shoes,02-01-2019,187,1,1,2,2019
CurrentWorkingView,1084287,12228324,Walmart 7015,14-Jan-19,32.56,0,31-12-2018,2019,31-12-2018,Q1-19,31-12-2018,M01-19,14-01-2019,1108272,1108349,5339207,1098727,Shoes,02-01-2019,154,1,1,3,2019
CurrentWorkingView,1087563,12228324,Walmart 6071,14-Jan-19,32.56,0,31-12-2018,2019,31-12-2018,Q1-19,31-12-2018,M01-19,14-01-2019,1108272,1108349,5339207,1098727,Shoes,02-01-2019,124,1,1,3,2019
CurrentWorkingView,1089657,12228324,Walmart 6082,14-Jan-19,32.56,0,31-12-2018,2019,31-12-2018,Q1-19,31-12-2018,M01-19,14-01-2019,1108272,1108349,5339207,1098727,Shoes,02-01-2019,80,1,1,3,2019
CurrentWorkingView,1097317,12228324,Walmart 6042,14-Jan-19,32.56,0,31-12-2018,2019,31-12-2018,Q1-19,31-12-2018,M01-19,14-01-2019,1108272,1108349,5339207,1098727,Shoes,02-01-2019,65,1,1,3,2019
CurrentWorkingView,1101540,12228324,Walmart 7010,14-Jan-19,32.56,0,31-12-2018,2019,31-12-2018,Q1-19,31-12-2018,M01-19,14-01-2019,1108272,1108349,5339207,1098727,Shoes,02-01-2019,80,1,1,3,2019
CurrentWorkingView,1105028,12228324,Walmart 7019,14-Jan-19,32.56,0,31-12-2018,2019,31-12-2018,Q1-19,31-12-2018,M01-19,14-01-2019,1108272,1108349,5339207,1098727,Shoes,02-01-2019,80,1,1,3,2019
CurrentWorkingView,3637005,12228324,Walmart 7084,14-Jan-19,32.56,0,31-12-2018,2019,31-12-2018,Q1-19,31-12-2018,M01-19,14-01-2019,1108272,1108349,5339207,1098727,Shoes,02-01-2019,54,1,1,3,2019
CurrentWorkingView,1086788,12228324,Walmart 7024,14-Jan-19,32.56,0,31-12-2018,2019,31-12-2018,Q1-19,31-12-2018,M01-19,14-01-2019,1108272,1108349,5339207,1098727,Shoes,02-01-2018,68,1,1,3,2019
CurrentWorkingView,1087868,12228324,Walmart 6072,14-Jan-19,32.56,0,31-12-2018,2019,31-12-2018,Q1-19,31-12-2018,M01-19,14-01-2019,1108272,1108349,5339207,1098727,Shoes,02-01-2019,65,1,1,3,2019
CurrentWorkingView,1092711,12228324,Walmart 6084,14-Jan-19,32.56,0,31-12-2018,2019,31-12-2018,Q1-19,31-12-2018,M01-19,14-01-2019,1108272,1108349,5339207,1098727,Shoes,02-01-2019,68,1,1,3,2019
CurrentWorkingView,1094777,12228324,Walmart 6090,14-Jan-19,32.56,0,31-12-2018,2019,31-12-2018,Q1-19,31-12-2018,M01-19,14-01-2019,1108272,1108349,5339207,1098727,Shoes,02-01-2018,68,1,1,3,2019
CurrentWorkingView,1094820,12228324,Walmart 6085,14-Jan-19,32.56,0,31-12-2018,2019,31-12-2018,Q1-19,31-12-2018,M01-19,14-01-2019,1108272,1108349,5339207,1098727,Shoes,02-01-2019,154,1,1,3,2019
CurrentWorkingView,1097250,12228324,Walmart 6065,14-Jan-19,32.56,0,31-12-2018,2019,31-12-2018,Q1-19,31-12-2018,M01-19,14-01-2019,1108272,1108349,5339207,1098727,Shoes,02-01-2019,151,1,1,3,2019
CurrentWorkingView,1316773,12228324,Walmart 7030,14-Jan-19,32.56,0,31-12-2018,2019,31-12-2018,Q1-19,31-12-2018,M01-19,14-01-2019,1108272,1108349,5339207,1098727,Shoes,02-01-2019,68,1,1,3,2019
CurrentWorkingView,1097924,12228324,Walmart 6099,14-Jan-19,32.56,0,31-12-2018,2019,31-12-2018,Q1-19,31-12-2018,M01-19,14-01-2019,1108272,1108349,5339207,1098727,Shoes,02-01-2019,52,1,1,3,2019
CurrentWorkingView,1098162,12228324,Walmart 7012,14-Jan-19,32.56,0,31-12-2018,2019,31-12-2018,Q1-19,31-12-2018,M01-19,14-01-2019,1108272,1108349,5339207,1098727,Shoes,02-01-2019,52,1,1,3,2019
CurrentWorkingView,1098164,12228324,Walmart 6077,14-Jan-19,32.56,0,31-12-2018,2019,31-12-2018,Q1-19,31-12-2018,M01-19,14-01-2019,1108272,1108349,5339207,1098727,Shoes,02-01-2019,154,1,1,3,2019
CurrentWorkingView,1306833,12228324,Walmart 7048,14-Jan-19,32.56,0,31-12-2018,2019,31-12-2018,Q1-19,31-12-2018,M01-19,14-01-2019,1108272,1108349,5339207,1098727,Shoes,02-01-2019,19,1,1,3,2019
CurrentWorkingView,1089914,12228324,Walmart 6097,14-Jan-19,32.56,0,31-12-2018,2019,31-12-2018,Q1-19,31-12-2018,M01-19,14-01-2019,1108272,1108349,5339207,1098727,Shoes,02-01-2019,154,1,1,3,2019
CurrentWorkingView,1101634,12228324,Walmart 7016,14-Jan-19,32.56,0,31-12-2018,2019,31-12-2018,Q1-19,31-12-2018,M01-19,14-01-2019,1108272,1108349,5339207,1098727,Shoes,02-01-2019,80,1,1,3,2019
CurrentWorkingView,1105027,12228324,Walmart 7021,14-Jan-19,32.56,0,31-12-2018,2019,31-12-2018,Q1-19,31-12-2018,M01-19,14-01-2019,1108272,1108349,5339207,1098727,Shoes,02-01-2019,36,1,1,3,2019
CurrentWorkingView,1087166,12228324,Walmart 6073,14-Jan-19,32.56,0,31-12-2018,2019,31-12-2018,Q1-19,31-12-2018,M01-19,14-01-2019,1108272,1108349,5339207,1098727,Shoes,02-01-2019,52,1,1,3,2019
CurrentWorkingView,1097133,12228324,Walmart 6057,14-Jan-19,32.56,0,31-12-2018,2019,31-12-2018,Q1-19,31-12-2018,M01-19,14-01-2019,1108272,1108349,5339207,1098727,Shoes,02-01-2019,65,1,1,3,2019
CurrentWorkingView,1097358,12228324,Walmart 6074,14-Jan-19,32.56,0,31-12-2018,2019,31-12-2018,Q1-19,31-12-2018,M01-19,14-01-2019,1108272,1108349,5339207,1098727,Shoes,02-01-2019,71,1,1,3,2019
CurrentWorkingView,1101635,12228324,Walmart 7017,14-Jan-19,32.56,0,31-12-2018,2019,31-12-2018,Q1-19,31-12-2018,M01-19,14-01-2019,1108272,1108349,5339207,1098727,Shoes,02-01-2019,135,1,1,3,2019
CurrentWorkingView,1779141,12228324,Walmart 7055,14-Jan-19,32.56,0,31-12-2018,2019,31-12-2018,Q1-19,31-12-2018,M01-19,14-01-2019,1108272,1108349,5339207,1098727,Shoes,02-01-2019,154,1,1,3,2019
CurrentWorkingView,1795638,12228324,Walmart 7077,14-Jan-19,32.56,0,31-12-2018,2019,31-12-2018,Q1-19,31-12-2018,M01-19,14-01-2019,1108272,1108349,5339207,1098727,Shoes,02-01-2019,68,1,1,3,2019
CurrentWorkingView,1084344,12228324,Walmart 7014,14-Jan-19,32.56,0,31-12-2018,2019,31-12-2018,Q1-19,31-12-2018,M01-19,14-01-2019,1108272,1108349,5339207,1098727,Shoes,02-01-2019,68,1,1,3,2019
CurrentWorkingView,1094734,12228324,Walmart 6095,14-Jan-19,32.56,0,31-12-2018,2019,31-12-2018,Q1-19,31-12-2018,M01-19,14-01-2019,1108272,1108349,5339207,1098727,Shoes,02-01-2019,52,1,1,3,2019
CurrentWorkingView,1097271,12228324,Walmart 6096,14-Jan-19,32.56,0,31-12-2018,2019,31-12-2018,Q1-19,31-12-2018,M01-19,14-01-2019,1108272,1108349,5339207,1098727,Shoes,02-01-2019,93,1,1,3,2019
CurrentWorkingView,5168808,12228324,Walmart 6858,14-Jan-19,32.56,0,31-12-2018,2019,31-12-2018,Q1-19,31-12-2018,M01-19,14-01-2019,1108272,1108349,5339207,1098727,Shoes,02-01-2018,68,1,1,3,2019
CurrentWorkingView,1090022,12228324,Walmart 6083,14-Jan-19,32.56,0,31-12-2018,2019,31-12-2018,Q1-19,31-12-2018,M01-19,14-01-2019,1108272,1108349,5339207,1098727,Shoes,02-01-2019,80,1,1,3,2019
CurrentWorkingView,1090231,12228324,Walmart 6047,14-Jan-19,32.56,0,31-12-2018,2019,31-12-2018,Q1-19,31-12-2018,M01-19,14-01-2019,1108272,1108349,5339207,1098727,Shoes,02-01-2019,154,1,1,3,2019
CurrentWorkingView,1095155,12228324,Walmart 6055,14-Jan-19,32.56,0,31-12-2018,2019,31-12-2018,Q1-19,31-12-2018,M01-19,14-01-2019,1108272,1108349,5339207,1098727,Shoes,02-01-2019,151,1,1,3,2019
CurrentWorkingView,1098163,12228324,Walmart 6091,14-Jan-19,32.56,0,31-12-2018,2019,31-12-2018,Q1-19,31-12-2018,M01-19,14-01-2019,1108272,1108349,5339207,1098727,Shoes,02-01-2019,197,1,1,3,2019
CurrentWorkingView,1101636,12228324,Walmart 7013,14-Jan-19,32.56,0,31-12-2018,2019,31-12-2018,Q1-19,31-12-2018,M01-19,14-01-2019,1108272,1108349,5339207,1098727,Shoes,02-01-2019,187,1,1,3,2019
